pair_id,type_candidate,conversation_id,speaker_A,extraction_status,claim_A,challenge,claim_B,label,annotator_notes,extraction_notes
m026,motte_bailey,t3_1l4s6s,andnowitsfull,OK,Retarded' isn't the same as 'stupid' -- calling a non-developmentally-delayed person retarded likely just means you meant 'stupid'.,"Most people think of 'retarded' as meaning exceptionally/permanently stupid, so using them interchangeably as hyperbole is common, if technically incorrect.",I'm fully aware of how the word is used. All I'm saying is that usage is often incorrect.,NONE,,"Clean, short retreat."
m027,motte_bailey,t3_1b532g,AlexReynard,SPRAWLING_SKIP,,,,,,"Text_A is a massive multi-topic MRA/feminism essay. The challenge/claim_B exchange ('Dude, eugenics? Really?' / 'I didn't say a word about eugenics!') is short and clean on its own, but disconnected from most of the essay -- likely the candidate generator grabbed a huge unrelated wall of text as 'claim_A' for a much smaller, later exchange. Needs pipeline fix (limit claim_A length near the actual challenge point)."
m028,motte_bailey,t3_335imf,Namemedickles,OK,It's more noble to die for what you believe is right than to live in peace under a cruel tyrant.,"More noble, maybe, but I'd prefer peace.","I'm not saying I'd ask others to do it -- I'd want my loved ones to live in peace even if it meant them submitting. But personally, I'd still refuse.",MOTTE_BAILEY,,Moderate confidence -- more of a personal-exception clarification than a clean claim retreat.
m029,motte_bailey,t3_3c7bxx,16tonweight,OK,"Utilitarianism is reasonable but shouldn't be followed completely/arbitrarily -- consequences are often unpredictable, and like all moral systems it's arbitrary.","If pleasure is intrinsically good and pain intrinsically bad, then goods/evils follow logically from that -- it's not arbitrary, it's consequentialist reasoning (negative utilitarianism).","You're defining 'good/bad' using 'good/bad' -- that's circular. I'm not saying it can't be effective, I'm just saying it's arbitrary.",NONE,,Clean: broad 'arbitrary' claim narrows to a specific 'circular definition' critique.
m030,motte_bailey,t3_2e5e6o,VisionChaos,SPRAWLING_SKIP,,,,,,"Long, multi-topic debate about police shootings, tiered policing, cross-country comparisons, and direct questions to a police officer. Not a single extractable claim pair."
m031,motte_bailey,t3_29dde1,SomeRandomme,OK,Sweatshops out-competing artisanal labor is a separate issue from corrupt governments/sweatshop owners killing union leaders -- the two aren't the same thing.,Corrupt governments and businesses ARE linked (corrupt governments help businesses profit); weak international law means little risk of legal consequences for such killings.,"I didn't say there's no link at all, which is why you're confused. What I said was: sweatshops are not NECESSARILY products of government corruption.",MOTTE_BAILEY,,Clean narrowing from 'unrelated' to 'not necessarily related'.
m032,motte_bailey,t3_1o7gl3,AnxiousPolitics,OK,"Existence itself can't be verified with certainty (simulation argument) -- we can only be sure 'something happened', not its deeper significance.","Even in a simulation you still exist (non-physically), and you can be sure your thoughts exist because you experience them.",You can't be sure 'experience' is real either -- this follows from the problem of induction meaning nothing can be known with 100% certainty.,NONE,,Not a clear retreat -- more a consistent deepening of the same skeptical position rather than a narrowing. Borderline for motte-bailey; discuss during labeling.
m033,motte_bailey,t3_248s83,Zhoom45,OK,Birth control pills used for medical treatment should be considered separately from their use enabling recreational sex.,Why does the purpose matter? People have a right to protect themselves from STDs/pregnancy regardless of intent.,"I am NOT saying birth control is wrong, illegal, or that people shouldn't use it. All I'm saying is you have a right to choose to have sex and accept the consequences -- not a right to have sex without any fear of consequences.",MOTTE_BAILEY,,"Excellent clean example -- explicit repeated 'I am not saying X, X, X, all I'm saying is Y' structure."
m034,motte_bailey,t3_1xus3u,jmsolerm,OK,"There's no such thing as 'moral error' since morality is opinion -- the worst that can be said about any action, factually, is that it was 'inefficient'.","If murder isn't a 'moral error' to you, you must not have a problem with abortion, slavery, rape, or torture either. What does 'inefficient' even mean here?","I have strong personal opinions against those things -- I never said I don't have a problem with them. But no opinion, however strong, creates objective wrongness. This works both ways: the worst people in history believed they were doing objective good.",NONE,,"Clean: 'no such thing as moral error' narrows to 'no OBJECTIVE moral error, personal opinions still apply'."
m035,motte_bailey,t3_2p11bw,speedyjohn,SPRAWLING_SKIP,,,,,,Same giant Bond-movies/feminism thread as batch_1's m018 (t3_2p11bw) -- another multi-point wall of text from the same conversation. This thread keeps generating candidates due to its length; consider excluding very long threads or deduping harder by conversation_id.
m036,motte_bailey,t3_249l1k,TheMagBastard,OK,"A father conditioning a child's behavior via praise/scolding is conditioning -- not exclusive to physical rewards, especially when it targets the mind.","This is true of everything (how we learn honesty, non-violence, empathy, etc.), not just religion.",But it's still religious conditioning specifically. I never said these methods were exclusive to religion -- that would be a ridiculous claim.,UNCERTAIN,,"Clean, short, good example."
m037,motte_bailey,t3_30059g,vdgmrpro,OK,A child will grow into an adult human; a dog will always be a dog. The child deserves the respect owed to a human.,Why are humans entitled to MORE respect than dogs?,"I didn't say more. Humans deserve respect appropriate to humans, dogs deserve respect appropriate to dogs.",NONE,,Very clean and short -- also doubles as a mini strawman-deflection (denying the word 'more' was ever used).
m038,motte_bailey,t3_2r1qfw,Celda,OK,Feminists are dishonest in how they use the term 'patriarchy'.,"How so? They're not lying about their definition -- similar to how 'homophobia' doesn't literally mean fear of homosexuals, but nobody calls that dishonest.","I'm not saying they're lying about their definition. I'm saying the definition itself is misleading and dishonest -- like how pro-lifers openly define abortion as 'child-killing', which is a misleading definition even though they're not lying about using it.",MOTTE_BAILEY,,"Clean: 'dishonest usage' narrows to 'dishonest/misleading DEFINITION, not lying'."
m039,motte_bailey,t3_2fm9q9,mlarocque1000,SPRAWLING_SKIP,,,,,,Same Mac-vs-PC laptop thread as batch_1's m010 (t3_2fm9q9) -- another long product-spec essay from the same conversation. Consider excluding this thread/domain from future sampling entirely.
m040,motte_bailey,t3_2atya5,julesjacobs,LOW_CONFIDENCE,,,,,,"Very short exchange that resolves as a language-barrier misunderstanding ('English isn't my first language'), not a genuine claim retreat. Low value for the fallacy task."
m041,motte_bailey,t3_1cfe17,jerry121212,OK,"Free will doesn't justify letting people suffer/die -- why is a shooter's free will more important than victims' lives? Also some bad things (diseases, accidents) aren't from free will at all. Concludes: God couldn't exist because he wouldn't allow this.",Why not just accept you make your own decisions instead of blaming/crediting a 'fantastic being'? Use your own free will to fix things.,I never said I don't make my own decisions -- I said I don't believe in God. You really think the only reason I haven't cured cancer myself is that I can't 'accept I make my own decisions'?,NONE,,"Clean, explicit 'I never said X, I said Y' retreat with a pointed rhetorical rebuttal."
m042,motte_bailey,t3_3csry4,ugots,LOW_CONFIDENCE,,,,,,Claim_B (a detailed risk-analysis argument about affording college) doesn't clearly connect back to claim_A's specific 'cruel to a child' claim -- looks like a structural mismatch or missing context between turns.
m043,motte_bailey,t3_1wg82e,SuperSquwill,SPRAWLING_SKIP,,,,,,"Claim_B is a full concession with a delta (∆) -- 'you've contributed to my view change, nothing else to say' -- not a claim retreat/narrowing, this is a genuine concession. Different phenomenon, not motte-bailey."
m044,motte_bailey,t3_3cjime,ThisIsMyNewUserID,OK,I never said left-wingers are charitable or that they care -- I said they want government-run social safety nets funded by everyone.,Isn't that more selfish than personally giving your own money generously?,"I never said anything about selfish either. I'm talking about whether left-wingers are lazy people wanting handouts, or people who want shared contribution via government.",NONE,,"Clean, explicit chained 'I never said X either' retreat."
m045,motte_bailey,t3_3i7k0u,bayernownz1995,OK,"Property rights get overridden for societal benefit all the time (taxes, welfare); banning private education follows the same logical principle.","Private education doesn't directly diminish public education; also raises a reductio -- would you ban parents reading to their kids too, since that also creates educational inequality?",I'm not saying public-schoolers can't get jobs -- I'm saying education stops being a tool for social mobility and instead just reinforces the class you're born into.,UNCERTAIN,,"Moderate confidence, fairly long exchange but a real, identifiable narrowing (from 'can't get jobs' framing to 'limits mobility')."
m046,motte_bailey,t3_1off27,619shepard,OK,"Exams are useful because they're economical of time and resources, unlike practical evaluations which require lots of staffing/logistics.","Your example (a practical exam) doesn't actually relate to the original question about WRITTEN exams, and 'easy to administer' is a weak justification -- we might be talking past each other.","I didn't say written exams are useful because they're easy to administer -- I said because they save time and money, which matters a lot given education operates like a business.",NONE,,"Clean, explicit correction of a specific mischaracterized reason."
m047,motte_bailey,t3_2wzag2,ThinknBoutStuff,LOW_CONFIDENCE,,,,,,"Claim_B is a continued, elaborated defense of the SAME original position (rights don't require enforceability), not a narrowing or retreat. Dense philosophical exchange, doesn't fit the motte-bailey shape cleanly."
m048,motte_bailey,t3_1lfrfd,ExternalInfluence,OK,A claim's truth is independent of the claimant's credentials/competence (reductio: a 'retarded parrot' stating a true fact is still making a valid claim). Accuses the other of committing an appeal-to-authority fallacy.,"Incompetence/ill-education statistically correlates with false claims -- so credentials DO count as weak evidence, even if not proof.","Credentials don't give YOU information to draw a conclusion from. I'm not saying this means the claim is wrong -- I'm saying you don't have enough to conclude anything yet. Unproven claims should be ignored, not refuted or accepted.",NONE,,Clean narrowing: 'credentials are irrelevant to truth' becomes 'credentials don't let you personally conclude anything -- remains unresolved'.
m049,motte_bailey,t3_3cjime,sirziggy,OK,"Political theory gets more nuanced when you study figures like Edmund Burke, the father of conservatism -- fascinating field.",Burke supported French aristocracy during the revolution and opposed abolishing the monarchy.,"Because he thought government was a useful, morally right tool to control the masses. I'm not saying that's a good idea -- I'd argue the opposite -- but his influence on conservative thought is still apparent today.",NONE,,Clean distancing/narrowing -- 'fascinating' claim narrows to 'interesting but I disagree with his actual views'.
m050,motte_bailey,t3_3efjue,PixyFreakingStix,OK,"[Context-limited] Clarifies 'Dublin' refers to Dublin, Ireland, not Ohio.",A rail-ship-rail route would still be faster/cheaper than an airship for that journey.,"Sure, I'm not saying an airship is actually better here -- just that 'speed' isn't the only advantage [other factors implied].",UNCERTAIN,,"Claim_A here is a minor location clarification, not the actual airship claim (which must have occurred earlier, off-screen) -- context is incomplete, but the retreat itself ('not saying airship is better, just that speed isn't everything') is clean and usable."
s026,strawman,t3_21ryne,Mourning_woods,OK,"Current-gen Pokemon gym leaders are too easy to beat with just one decently-leveled Pokemon, unlike gen 1/2 which forced diverse team strategy.",,So are you saying the gyms of gen 1 and 2 are exceedingly difficult?,STRAWMAN,,"Inverts A's claim -- A says CURRENT gyms are too easy, B reframes it as A claiming OLD gyms are too hard. Clear distortion."
s027,strawman,t3_1yqbtv,punge,OK,"Dismissing a disagreement as 'just semantics' is wrong, because semantics concerns meaning -- exactly what's at stake in the discussion. Not saying linguistic quibbling itself is relevant, just that establishing shared meaning matters.",,"You have this backwards -- saying 'just semantics' means 'we agree on the idea, we're disputing the words', and words don't matter, only the ideas they carry do.",UNCERTAIN,,More of a direct counter-argument/reinterpretation than a clear distortion -- B pushes a specific competing reading of the phrase rather than obviously misstating A's point.
s028,strawman,t3_2lwrsv,FarOrAMess,OK,The PUA community (which led me to switch to TRP) promotes a fake 'alpha' persona over genuineness to get sex; there's no good alternative community that teaches genuine social success instead.,,"Are you saying your own genuine personality is extremely misogynistic? If so, TRP tactics are great for filtering partners who want traditional gender roles.",UNCERTAIN,,Clear leap -- A never said their genuine self was misogynistic; B invents that claim to argue against.
s029,strawman,t3_20p6rz,Anen-o-me,SPRAWLING_SKIP,,,,,,"Long, dense libertarian philosophy debate covering voluntary taxation, defensive force, and government legitimacy as separate threads. Not a single clean claim pair."
s030,strawman,t3_3exng6,PossumMan93,OK,"By 'we know how [the universe behaves]' I meant its behavior once already in motion, not what originally set it in motion.",,So are you one of the ones saying 'I don't know how this happened'? And are you saying that's the same as saying 'God did it'?,STRAWMAN,,"Clear false equivalence -- collapses a narrow epistemic clarification into 'God did it'. Good, short example."
s031,strawman,t3_24mrtc,krausyaoj,SPRAWLING_SKIP,,,,,,"Long policy proposal (redefining legal 'birth') with a long, multi-point reply. More a 'here are all the implications of your proposal' response than a single clean distortion -- borderline, skipped for time."
s032,strawman,t3_1fafn1,Izzyisme,LOW_CONFIDENCE,,,,,,"Claim_A itself already contains the clarifying question ('are you saying nothing should be inherently wrong?') -- the pattern is reversed/unclear here, similar to other flagged rows. Structure doesn't cleanly fit the template."
s033,strawman,t3_2cpj4p,SkylarShankman,OK,"[reversed roles] 'So you're saying that even though a taboo is irrational, it's wrong to challenge it? If we never challenged taboos, interracial children would still be illegal! The whole point of this CMV is that taboos PREVENT useful social change!'",,"No, I'm not saying that. I'm saying sometimes respecting a non-rational taboo leads to better outcomes -- though I'm not convinced that applies to [the specific taboo under discussion] here.",UNCERTAIN,,"Roles reversed (claim_A is itself the mischaracterizing move, claim_B is the correction) -- same pattern as batch_1's s008/s017. Still a clean, usable example."
s034,strawman,t3_2giql7,greenearbuds,OK,[Questioning a compliment] What exactly makes my skin 'nice'? I have visible spider/varicose veins that don't show in pictures.,,"I don't know, it's clear. Are you saying I'm not in fact a man? Are you saying I don't in fact find you attractive? Is there a problem with the structure of my argument?",STRAWMAN,,"B leaps from a specific physical-appearance question to unrelated, absurd extrapolations. Good, clear example."
s035,strawman,t3_1l3115,AidsInfestedCumBuble,OK,"[Content warning: rape/victim-blaming] No, I'm just saying they don't deserve my sympathy [in a specific context about clothing choices].",,"[Extreme escalation, includes threats] So are you saying rapists should be allowed to rape people they judge as dressed 'too slutty'? ... you should be euthanized for your views.",STRAWMAN,,"Structurally a clear, extreme strawman/reductio, but contains offensive/threatening content (rape apologia discussion, personal threats). Flagging for your judgment on whether to include in the final dataset at all given the content -- may be worth excluding regardless of structural quality."
s036,strawman,t3_2m34jb,MizzKittay,OK,OP is arguing that we've evolved a neurology that makes male humans want to NOT be monogamous.,,"Are you saying my statement wasn't strong enough -- that it's not just non-conducive to monogamy, but evolved for the OPPOSITE of monogamy?",UNCERTAIN,,B escalates A's restatement to a stronger claim than what was said. Decent example of incremental escalation.
s037,strawman,t3_1h4fc4,Alterego9,OK,"Vigilante killing doesn't exempt someone from legal punishment. Whether he SHOULD be punished depends on whether you think vigilante killing is right -- I don't, so I think punishment is warranted, but if you think it's right, exemption would follow logically from that.",,"If you're saying he shouldn't be punished, you're contradicting your first three sentences. So should we vote nationally on the ethics of every criminal's actions?",STRAWMAN,,"B seems to misread A's conditional statement ('IF you believe X, then Y follows') as A directly asserting X. Plausible confusion/strawman."
s038,strawman,t3_2j196u,joerobo,OK,"[Content note: sexual violence] Only a tiny percentage of people (regardless of gender) have the psychological propensity to rape; that percentage will keep offending regardless of culture, so people looking for 'rape culture' evidence will always find some.",,"I think the majority of people are psychologically capable of rape under the right conditions (e.g. soldiers in wartime). If what you're saying is true, rape rates wouldn't be affected by culture.",NONE,,Reasonable direct disagreement + logical extension rather than a clear distortion -- moderate confidence.
s039,strawman,t3_25fjdx,despicable_secret,OK,"Public libraries mostly function as lending institutions/community spaces, not archives; objectionable content is available elsewhere and isn't in danger of being lost; taxpayer input on what a public library buys isn't censorship.",,"I was wrong that archiving is the only purpose. So are you saying libraries shouldn't have ANY objectionable content? Or is your issue specifically about visual depictions, or about what counts as literature? [lists possible alternate readings, invites correction]",NONE,,Good-faith attempt to pin down A's actual position -- explicitly offers alternate interpretations rather than asserting one. Leans NONE.
s040,strawman,t3_22a37m,slappymcnutface,OK,"[Content note: age of consent/attraction discussion] It's natural to be attracted to teenagers, but adults should recognize 17-year-olds are still psychologically 'children'; the real issue is soliciting sex from a minor, not the attraction itself. Society draws the adult line at 18.",,"He didn't pursue someone below the actual age of consent. Are you saying the age of consent should be 18? If going by brain science, why not 25-28? Culture says 18, but culture also allows 16-17 in many places -- you're citing 'culture' while ignoring that cultural standards already vary.",UNCERTAIN,,"B engages the actual argument's tension (culture vs. science) rather than clearly distorting it -- moderate confidence, sensitive topic."
s041,strawman,t3_2gy3lp,HulkingBrute,OK,[Content note: abortion debate] A mother who chose to risk pregnancy shouldn't be able to 'undo' it; fetal awareness/independence shouldn't matter any more than it would for judging disabled people's right to live. Explicitly calls the 'parasite' framing of a fetus a strawman.,,"It sounds like you're saying the mother must be 'punished' with pregnancy. Why should a fetus's rights outweigh an actual person's will? [Later, explicitly admits:] 'You are correct in saying that it is a strawman argument, I was merely interested to see how you would respond.'",NONE,,"Notable: B explicitly self-admits to using a strawman deliberately as a rhetorical test. Rare, directly-labeled real-world example -- valuable for the guideline, though the surrounding exchange is long/sprawling and touches sensitive abortion content."
s042,strawman,t3_35ruv5,kepold,OK,"[Content note: racism/oppression discussion] Racism requires a history of systemic power being used to oppress -- an oppressed group lacks the power to oppress systemically, so by that definition they can't be 'reverse racist'.",,Oppression and racism aren't the same thing -- a less powerful person can still be racist (e.g. hating a black president for his race). Are you saying that hating someone for their race isn't racist just because they hold more power than you?,NONE,,B extends A's structural argument to its logical implication fairly directly -- more a pointed extension than a wild distortion. Sensitive topic (race).
s043,strawman,t3_1f3fkz,TOUCHER_OF_SHEEP,OK,"Aptitude in math/physics and history/other subjects varies independently between individuals -- some people are strong in one and weak in the other, or vice versa.",,"I'm just trying to clarify -- are you saying people who are good at math/physics are NOT good at history, etc.?",STRAWMAN,,"Converts a 'varies by individual' claim into a stronger 'X implies not-Y' claim, though explicitly framed as a clarifying question. Mild, borderline case."
s044,strawman,t3_3gdibt,megamoleman,OK,"[Content note: WWII/atomic bomb discussion] It's not that using the bomb was 'unfair' exactly -- Japan likely wouldn't have accepted surrender terms requiring removal of the emperor's power, and it's uncertain whether continued peace efforts after the Soviet invasion would have worked.",,"It seems like you're saying 'killing people isn't justified' in general, rather than specifically that the atom bomb was unjustified.",STRAWMAN,,Clear overgeneralization -- A's specific historical argument gets reframed as an absolute pacifist claim A never made. Sensitive historical topic.
s045,strawman,t3_245y6b,buttchurch,OK,"Internet speeds are growing so fast that speed-based throttling will become a non-issue within 10-20 years, as the provider marketplace becomes more competitive.",,"It seems like what you're saying is: (1) you have faith the market will produce more competition, and (2) you have faith speeds will keep growing regardless. Why do you have this faith, given how expensive/high-barrier last-mile infrastructure is?",NONE,,"Fair, well-structured paraphrase-then-challenge -- explicitly checks understanding before rebutting. Leans NONE (good-faith paraphrase)."
s046,strawman,t3_2pfatz,RomanNardone,OK,[Content note: terminology for Indigenous peoples] Terms like 'Indian' and 'Native American'/'American' are all colonially imposed and arguably disingenuous; Indigenous peoples should be referred to by actual tribal names or an alternative term.,,"Navajo and Indian/Native American aren't mutually exclusive -- they refer to different things (tribe vs. broader category). Term origins mostly don't matter unless people feel disrespected by them; if your logic held, 'American' would be equally offensive, which is silly.",NONE,,Fairly direct rebuttal of A's argument's logic rather than a clear distortion. Sensitive topic (ethnicity/terminology).
s047,strawman,t3_20lgw6,setsumaeu,OK,[Hypothetical] A parent could end up loving an adopted child more than a biological child if the adopted child behaves better.,,Are you saying parental love isn't unconditional -- since in your example it's based on behavior? [Tangent about genetics/behavior.],STRAWMAN,,"Reasonable extension of A's specific hypothetical into a general claim about conditional love -- not wildly distorted, but pushes toward an absolute framing."
s048,strawman,t3_1w91jl,HelplessGazelle,OK,"[reversed roles, content note: racism discussion] 'You are saying: I'm not racist, but another race's culture is inferior -- that's basically the definition of racist. Saying it politely or with big words doesn't change that.'",,"[dictionary definition of racism, 'ALL' is the operative word] I don't think black people are intrinsically inferior, but I think cultures that develop through oppression have some intrinsically inferior aspects. Maybe this is 'culturalist' rather than racist. You're not trying to change my view, you're just yelling at me.",NONE,,Roles reversed again (claim_A is itself the mischaracterizing accusation) -- same pattern as s008/s033. Sensitive topic (race).
s049,strawman,t3_2j196u,IAmAN00bie,OK,[Content note: sexual violence] You acknowledge rape victims get blamed/given unhelpful 'advice' after the fact -- that IS rape culture; look at how prostitutes' rape cases get treated.,,So your argument is that rape culture and victim blaming are the same thing?,NONE,,Compresses 'victim-blaming is evidence of/part of rape culture' into a flat equivalence claim -- mild oversimplification. Sensitive topic.
s050,strawman,t3_1o1ids,tealparadise,OK,"With close friends, I expect 'consideration' rather than strict neutrality -- if you force me to be neutral by reacting badly to anything else, we won't become real friends; you'd just want a copy of yourself, not the real me.",,"So you're saying that with acquaintances, people put up a don't-conflict filter, which comes down with real friends who trust each other not to judge harshly -- and that filter goes back up if a friend starts nitpicking instead of considering your views. Is that what you're saying?",UNCERTAIN,,"Excellent good-faith paraphrase-and-confirm, ending with an explicit check. Great NONE example, similar quality to batch_1's s022."