pair_id,status,claim_A_extracted,challenge_extracted,claim_B_extracted,notes
m101,OK,"[Content note: race/discrimination stats] Racial disparities (hiring bias, college admission rates, income) exist independent of poverty -- race issues are cultural issues because they stem from cultural perceptions of people of color.","Would a white person born into the same inner-city gangbanger lifestyle get better opportunities solely for being white?","I don't honestly know -- I'd guess black/Hispanic people have fewer opportunities given the statistics. I'm not saying race, poverty, and culture are the SAME issue. I AM saying they're correlated closely enough to be considered together.","Clean, explicit 'I'm not saying X, I am saying Y' narrowing. Sensitive topic (race)."
m102,OK,"A humble culture isn't the same as being bad at something -- humility and high achievement can coexist (Swiss/Federer example).","I didn't say humility was bad -- sounds like a good thing to me, though someone else showed me the negative aspects (gave them a delta).","I think it's good overall but it can be negative too -- humility next to boldness can look weak, and I feel some non-humble successful people get treated unfairly harshly here.","Moderate confidence -- reads more as an elaboration/concession of nuance than a clear retreat under challenge; challenge and claim_A aren't really in tension to begin with."
m103,LOW_CONFIDENCE,,,,"Claim_B is just accepting a technical terminology correction ('risk' vs 'likelihood'), not a substantive claim retreat -- too trivial to be a meaningful motte-bailey example."
m104,OK,"[Content note: theodicy, world poverty/disease] Why would people born into abject poverty and disease exist 'for a higher reason' -- are they not part of humanity too?","Suffering isn't evil (Irenaean theodicy) -- suffering is necessary for good to exist, and poverty/disease are corporate humanity's own responsibility to address.","I did NOT say suffering was evil. But a benevolent, all-loving god doesn't align with allowing ~30% of the population to suffer in poverty with preventable disease -- either there's no real love from God, or he's powerless to help.","Clean, explicit 'I did not say X' retreat within a broader theological argument."
m105,OK,"The US should adopt more socialized services (healthcare, utilities) beyond what already exists (police, schools, mail) -- explicitly clarified via edits as closer to co-op/public ownership, not full government-run socialism.","How would this be funded -- taxes or debt both have serious economic downsides, and current debt levels are already high.","I'm not saying utilities would be FREE -- just publicly owned. You'd still pay a usage-based bill, just not funding corporate profit margins, which (I argue) circulates back into the taxed economy elsewhere.","Clean, explicit 'I'm not saying X, just Y' narrowing."
m106,OK,"[Content note: race/disability policy comparison] Not all discrimination is wrong -- handicap parking is technically 'discrimination' but broadly accepted; affirmative action is analogous, compensating for race-based employment disadvantages.","Disabled parking isn't a 'sorry your legs don't work' consolation -- it's given because disabled people are the ones who most need/benefit from it, unlike affirmative action recipients necessarily.","You're correct about why they're awarded -- I didn't say anything about WHY placards are given, only why people don't object to them (clear need). Affirmative action tries to achieve a similar goal, just more controversial since the disadvantage is less visible.","Clean, explicit 'I didn't say X, only Y' narrowing. Sensitive topic (race/disability comparison) -- flag for judgment call."
m107,OK,"[Relationship-advice context] Analysis suggesting someone comes across as desperate/intimidating to women they date, possibly subconsciously.","This is CMV, I'm supposed to argue -- I doubt I'm intimidating anyone, though I may be emanating subconscious neediness. Any suggestion on what to do?","[Long advice response, ending:] I'm not saying there's anything wrong with you -- only that you might benefit from an objective, professional perspective (counseling) to find what's really going on.","Clean 'I'm not saying X, only Y' narrowing near the end, though advice-context rather than a policy/factual argument."
m108,OK,"Shelters can't help everyone who needs it -- turning away panhandlers because 'shelters are better' leaves some people with zero options.","If you agree donating to a shelter is better than giving to a panhandler, why not just do that instead?","I said it was good, I didn't say BETTER. If everyone ignored people not in shelters, they'd have nothing at all -- shelter recipients at least have that option.","Clean, explicit 'I said X, I didn't say Y' narrowing."
m109,OK,"[Content note: animal welfare, hostile tone] Long, heated argument about factory farming cruelty (farrowing crates) vs. plant suffering comparisons.","[Also heated] Accuses A of assuming the challenger thinks farrowing crates are acceptable, based on a plant/animal suffering analogy.","[Very long, explicitly says:] 'I never said that, please don't strawman me here.' Clarifies the actual point was about plant vs. animal sensory capacity, not an endorsement of any farming practice.","Notable: claim_B explicitly uses the word 'strawman' to self-defend, a rare directly-labeled real-world example, though the surrounding exchange is very long and hostile in tone."
m110,OK,"Low-wage earners are more economically important than the wealthy in terms of spending/circulation -- explicitly NOT a claim about individual 'worth', nor advocating redistribution.","Several economic schools would agree with this -- but can you quote who you were actually disagreeing with? This sounds like you're strawmanning an unnamed opponent.","I wasn't arguing with anyone -- I didn't say I was.","Thin/odd response -- reads as a denial of the premise of the challenge rather than a substantive narrowing. Moderate confidence."
m111,SPRAWLING_SKIP,,,,"Claim_B follows a full delta/concession ('you've successfully changed my view') rather than a retreat under pressure -- this is a genuine concession, not a motte-bailey narrowing. Long thread on blackface/historical context (t3_1qwdul), otherwise well-argued but not the right shape for this task."
m112,OK,"[Duplicate underlying conversation as batch_1's s015, t3_3ijgiq -- different candidate pairing from same thread] A dying stereotype is still a stereotype; not claiming all people must interact with police identically.","Presents a specific false-but-persistent stereotype (penis size) as evidence stereotypes can be both false and harmful/limiting.","A dying stereotype is still a stereotype. I'm not saying that at all -- all people should interact with police the same way. How police RESPOND differently is a separate discussion.","Same underlying exchange as batch_1's s015 (flagged there as LOW_CONFIDENCE/ambiguous) -- here it's framed as a motte-bailey candidate instead. Worth deduping or cross-referencing when building the final dataset."
m113,OK,"[Content note: homophobia discussion] It's morally right to gently call out a friend's discomfort around gay people; avoidance of an innocent person is hurtful.","People can dislike/avoid others for many reasons (personality, worldview); explains the friend's discomfort via the Kinsey scale, argues beliefs alone aren't inherently harmful.","I'm not saying anything about being entitled to another person's company -- just that this specific attitude (disgust based on someone's sexuality) is dehumanizing and cruel, unlike disliking someone for being annoying or having different hobbies.","Clean double retreat: 'I'm not saying X, just Y' plus 'you seem to think I'm saying X, that isn't what I'm saying'. Sensitive topic (homophobia)."
m114,OK,"[Content note: reproductive rights/paternity] Questions why a mother's choices can make a father's life harder without him having comparable rights/agency.","The father isn't completely innocent -- he had a part in creating the child.","I'm not saying he isn't [involved] -- I'm saying he should have an equal NUMBER of choices as the mother (abortion, adoption, etc.), which he currently lacks.","Clean, explicit 'I'm not saying X, I'm saying Y' narrowing. Sensitive topic (reproductive rights, paternity)."
m115,SPRAWLING_SKIP,,,,"Claim_B is a full delta/concession ('∆ ... checked out the news page... it actually seems better than CNN') after extended back-and-forth, not a retreat under pressure -- genuine mind-change, not motte-bailey shape."
m116,LOW_CONFIDENCE,,,,"Claim_B ('That's not what I said, and I'm not going to repeat myself') is a refusal to re-engage rather than a substantive claim narrowing -- doesn't clarify what was actually meant."
m117,OK,"Being dependent on government welfare means you're not fully 'free' -- so why not use it as effectively as possible?","Why would receiving aid (absent any crime) make someone unfree?","Their ability to make ends meet is tied directly to the state's policies -- no government, no welfare. That's what I meant by 'not free' (dependency, not legal unfreedom).","Reasonable narrowing/clarification of what 'not free' meant."
m118,LOW_CONFIDENCE,,,,"Same recurring long gun-control/terrorism thread as batch_1's m030 (t3_2rnr30) -- third occurrence of this conversation across batches, worth flagging strongly for deduplication. Claim_B here rejects the challenge's offer of agreement and reasserts a strong position rather than narrowing -- doesn't fit the motte-bailey shape."
m119,OK,"[Content note: Crimea/Ukraine, war] A legitimate referendum result (2/3 supermajority) for Crimea to join Russia should be respected, similar to Ukraine's own prior secession from the USSR.","The referendum wasn't free/fair -- military presence and one-sided media coverage undermine its legitimacy; no legal/international process was followed.","I'm not saying the referendum needs to happen TODAY -- it would need to be free from media bias, with UN involvement to ensure that.","Clean, explicit 'I'm not saying X' narrowing (timing/fairness conditions). Sensitive geopolitical topic."
m120,OK,"STEM majors are more difficult than non-STEM majors, based on personal experience with both.","Reframes 'difficulty' around effort/aptitude differences, implying OP may have a natural disadvantage suited to STEM specifically.","Isn't that an assumption on your part? I never said I find MY STEM major (chemistry) difficult -- I enjoy it. Physics specifically would be hard for me, though.","Clean 'I never said X' correction of an assumption embedded in the CHALLENGE itself, similar to batch_3's m063 pattern."
m121,OK,"Questions why only the innermost lane can legally turn right on red when multiple right-turn lanes exist.","In practice (MD/VA), it's legal from any turn lane unless specifically signed otherwise, usually due to visibility/accident history.","Right -- what I meant is that where such signs exist for specific lanes, they're usually unnecessary.","Minor, low-stakes clarification -- acknowledges the general rule while maintaining the narrower evaluative claim."
m122,OK,"[Rhetorical framing defending high athlete pay via entertainment demand] Society values entertainment, so why shouldn't desirable/entertaining work pay well?","Explicitly self-labels: 'Strawman. I never said anything like that. Only that sportspersons are grossly overcompensated relative to their actual contribution.'","No, they're not [overcompensated] -- compensation reflects demand for entertainment. [Argues at length this is 'Not a strawman', restating the logical chain from demand to compensation.]","Notable meta-example: both an explicit strawman accusation AND an explicit denial/defense against that accusation occur in the same exchange -- valuable for the guideline."
m123,LOW_CONFIDENCE,,,,"Claim_A is already a walkback/clarification of an unseen earlier statement ('perhaps my phrasing makes it sound worse... don't want to send the wrong message'). Claim_B is a defense/redefinition of terms ('20,000 years isn't history') rather than a further narrowing -- multi-layered structure doesn't cleanly fit the motte-bailey template. Sensitive topic (gender roles)."
m124,OK,"Ecosystems reach equilibrium after disruption (e.g. mass starvation trims deer populations) given enough time.","Sure, in the very long run -- but there are lots of variables, and I wouldn't want to bet on everything working out.","Not even needing the 'very long run' -- equilibrium returns within ~100 years. I'm not saying we shouldn't minimize ecosystem disruption -- I'm saying 'this species might be a key link' is a weak argument for conservation specifically.","Clean, explicit 'I'm not saying X, I'm saying Y' narrowing to a more specific, stronger claim."
m125,LOW_CONFIDENCE,,,,"The narrowing-sounding phrase ('I am not saying DC should become a state') appears in the CHALLENGE field, not claim_B -- claim_B (same speaker as claim_A) is a substantive rebuttal/questions, not a self-retreat. Structural mismatch for this pair."
s101,OK,"[Content note: feminism debate] Feminism has achieved its main goals in the West (legal equality) -- so why does it need to continue, rather than transitioning to broader humanism?",,"Feminism is NOT about acquiring legal rights for women -- it's about the ongoing work of verifying/maintaining true egalitarianism. [13th Amendment analogy: having a law doesn't mean the underlying issue is fully resolved.]","Substantive rebuttal reframing A's definition of feminism's goal -- more a direct disagreement about definitions than a clear distortion. Sensitive topic (gender politics)."
s102,OK,"[Religion/theodicy] Suffering that appears purposeless may be necessary specifically BECAUSE it can't be understood as valuable -- understanding the reason would change its fundamental character.",,"So are you saying that if we understood the reason for suffering, it wouldn't be TRUE suffering? I disagree -- and this doesn't address why child starvation would have any function.","Reasonable direct engagement/restatement, not a clear wild distortion."
s103,OK,"Ads work through association/timing (thirst + Coke ad = purchase), not necessarily rational persuasion.",,"I don't think you're unintelligent. So are you saying the ad just fills in the other piece of the puzzle? I think prior experience with the product would be the real dealmaker.","Genuine, good-faith clarifying paraphrase -- leans NONE."
s104,OK,"[Content note: abortion/parental duty] Bodily autonomy means no one can be forced to use their body for another, even a baby -- not the same as a right to actively kill.",,"What you said is morally reprehensible and illegal -- you're treating bodily autonomy as THE overriding value. We have duties (to feed a baby, to help someone hurt) that go against pure self-interest; what you're saying is we have no obligations to society at all.","Extends A's specific bodily-autonomy claim into a broader 'no obligations to society' framing that A didn't state. Sensitive topic (abortion/parental duty)."
s105,OK,"[Same underlying conversation as m114, t3_1k12l4] The mother has more control over pregnancy decisions since it's her body; the physical/emotional toll is also greater for her.",,"So are you saying that being FORCED to pay for a child for 18 years [as a father] has no emotional toll?","Introduces a claim (financial/emotional burden on fathers) that A's statement never addressed -- a clear non-sequitur/distortion. Sensitive topic (reproductive rights, paternity)."
s106,OK,"[Content note: taxation/wealth] Progressive taxation implicitly argues the poor are more 'worth' helping than the rich are entitled to keep their earnings; wealth (Gates, Jobs, Buffett) reflects real value created, and higher taxes reduce charitable giving.",,"They're not 'worth more' -- but they ARE reaping more benefits, largely due to luck/ability, not just effort. You're arguing they deserve enormous wealth, but in both scenarios [taxed or not] they remain enormously wealthy.","Denies the 'worth more' framing directly while substantively engaging -- more a direct rebuttal than a clear distortion."
s107,OK,"A gradual (10-year) reduction in the workweek wouldn't proportionally reduce productivity, since wages would rise anyway via normal career-progression raises.",,"Even at 90% productivity for cut hours, that's still a big drop. So if you make 50k this year, are you saying you'd still be making 50k 10 years from now [with raises fully offset by lost hours]? I'd be unhappy with that.","A specific numeric stress-test of A's general claim -- a reasonable extrapolation rather than a clear distortion."
s108,OK,"[Content note: abuse, poverty, sexual assault, suicide mentioned] People born into severe injustice or abusive families are often trapped in inescapable cycles of suffering, unheard and unhelped by society.",,"I'm not sure what you're saying -- are you saying some people will just have bad lives (not interesting), or that some people are born into circumstances that make ANY success literally impossible? I can't imagine a circumstance that couldn't be overcome.","Genuine, hedged clarifying question distinguishing two possible readings -- leans NONE. Sensitive content (abuse, assault, suicide mentioned in claim_A)."
s109,OK,"[Content note: sexual assault mention] Greek life (fraternities) causes real harm (hazing, sexual harassment/assault); lists specific evidence needed to change this view.",,"[Long, structured rebuttal] I'm not saying hazing is okay, but a blanket ban isn't the right solution -- you're also unfairly lumping in sororities and multicultural Greek orgs that don't fit your generalization.","Substantive, well-structured direct rebuttal rather than a clear mischaracterization of A's specific claims. Sensitive topic (sexual assault mention)."
s110,OK,"[Content note: feminism/gender roles] Claims to already agree with the interlocutor; says this isn't really the subject of disagreement.",,"I don't think you actually agree with me -- you're saying feminism and 'total gender equality' aren't the same, and that feminism isn't concerned with gender-role analysis, when that IS what feminism is concerned with.","B's characterization is reasonably grounded in A's own prior statements rather than a wild invention -- moderate confidence. Sensitive topic (gender politics)."
s111,OK,"[Policy proposal] Idle military personnel could be redirected to infrastructure projects (roads, renewable energy, housing) instead of standing by; explicitly anticipates counterarguments in the original post.",,"[Long, structured rebuttal] Using soldiers for construction is a distraction from combat readiness training; it would require a huge legal overhaul and consolidates too much power in the military.","Substantive direct engagement across A's own anticipated points -- leans NONE rather than a clear distortion."
s112,OK,"[Content note: LGBT community discussion] Supports both integration AND maintaining a distinct/separate gay community; if straight people feel alienated by that, that's their own issue.",,"So are you saying it's about integrating the STRAIGHT community INTO the gay community via shared-interest events? I thought society was past 'look, gay people like skiing too'.","B's reading (integrating straight into gay community) doesn't clearly match A's actual point (maintaining BOTH integration and separate spaces) -- plausible genuine mischaracterization. Sensitive topic (LGBT)."
s113,OK,"Some days I don't want to try to live cruelty-free, because it doesn't improve my quality of life.",,"I'm not saying you need to live cruelty-free -- I'm saying veganism is an easy, practical way to reduce cruelty. If you're avoiding it purely because it doesn't add to your quality of life, that's selfish.","Direct engagement with a moral judgment added ('selfish') rather than a clear distortion of the claim itself."
s114,OK,"[Content note: feminism debate] Criticism of feminism should at least acknowledge its genuine positive achievements -- most criticism doesn't.",,"Are you saying any criticism of feminism must ALSO mention all of its positive attributes? I thought criticism meant pointing out flaws.","Converts A's 'should acknowledge' into a stronger 'must comprehensively list' framing -- mild distortion. Sensitive topic (gender politics)."
s115,OK,"Religious reasoning is 'just as valid' as secular reasoning -- only the starting assumptions differ.",,"So are you saying I could have faith in ANY random belief (e.g. a video-game character created the universe) and it would be EQUALLY valid as '1+1=2'? I disagree -- religious belief carries extra unprovable assumptions beyond basic sense-reliance.","Clear escalation via an absurd reductio example -- good, clean strawman/reductio."
s116,LOW_CONFIDENCE,,,,"Claim_A is a bare, context-thin rhetorical question; claim_B appears to be agreeing with and extending A's implied position against a third, unseen party ('OP'), rather than distorting A -- structure doesn't clearly fit the strawman template here."
s117,OK,"[reversed roles, content note: organ donation, death] 'Are you saying you'd let someone die because you don't like the idea of your organ being removed after death?' [directed at an earlier, unseen claim]",,"[Heated] Government already 'loots' bodies via inheritance tax, now wants your organs too -- what you're saying is you'd happily accept a stolen body part if someone else did the stealing for you. IT'S NOT YOURS TO TAKE.","Roles reversed (claim_A is itself the mischaracterizing move), with claim_B adding a further distortion chain of its own ('what you're saying is...'). Heated rhetorical tone -- flag as intense/aggressive in addition to structurally interesting."
s118,OK,"[reversed roles, content note: Islam, religious text interpretation -- politically sensitive] 'You seem to be saying that [Islamic] submission is purely to Allah' [directed at an earlier claim about Quranic interpretation], plus an argument that a specific violent Quranic verse is not open to interpretation.",,"[Detailed scriptural response citing sources] Yes, that's what I think, as do the Muslims I discuss religion with -- draws parallels to how Christianity/Judaism function similarly (direct word of God via a prophet/text).","Substantive scriptural debate rather than a clear-cut distortion; roles are reversed (claim_A contains the mischaracterizing phrase). Sensitive/political topic (Islam, religious text interpretation) -- flag for judgment on inclusion given potential for the topic itself to be contentious regardless of strawman-shape accuracy."
s119,SPRAWLING_SKIP,,,,"Very long, densely quoted point-by-point religious-psychology debate (fear of death, magical thinking, practical harms of religion) -- structured as an extended back-and-forth over many distinct sub-claims. Not extractable as a single clean pair."
s120,OK,"[Content note: gender politics] Traditionally male-dominated spaces (gaming, blue-collar jobs, men's shelters, online communities) are being 'degendered'/criticized as sexist, while women's spaces remain protected -- leaving men with no equivalent 'safe spaces'.",,"In all your examples, you're saying that spaces becoming less gender-segregated means fewer 'safe spaces' for men. That's not accurate -- men aren't becoming oppressed, they're becoming equal; women's separate spaces exist due to historical inequality that hasn't fully faded yet.","B's restatement is a fairly accurate compression of A's actual argument -- more a direct disagreement with the framing than a clear distortion. Sensitive topic (gender politics)."
s121,OK,"Cannabis use before brain maturity (age ~23-24) can impair development; daily use prevents recovery between highs; moderation is recommended, and waiting a few years is a reasonable ask.",,"Where does this specific brain-development claim come from -- is all brain development the same for everyone? [Also, reframing:] OP is asking to have their view changed, that view being 'there's nothing wrong with ME smoking' -- you're saying OP is WRONG for affecting their own body how they choose.","Converts A's health-information framing into a moral-judgment claim ('OP is wrong', 'condemning' personal choice) that A didn't explicitly make."
s122,SPRAWLING_SKIP,,,,"Very long, detailed point-by-point debate covering multiple historical environmental predictions (peak oil, acid rain, ice caps) plus a meta-argument about science funding incentives -- too dense/multi-threaded for a single claim pair."
s123,OK,"[Content note: dating/sexuality double standards] Holding others to a 'promiscuity is bad' standard while not applying it to oneself is hypocritical and underlies slut-shaming.",,"Since when are double standards not allowed in attraction generally? [Height-preference analogy] Women can prefer tall men without being shamed for having a double standard -- so why shame men for a similar sexual-partner-count preference?","Analogy-based rebuttal that partially conflates two different kinds of 'double standard' but substantively engages A's actual argument rather than clearly distorting it. Sensitive topic (dating/sexuality)."
s124,OK,"Plan to non-lethally pepper-spray squirrels out of an attic; argues 'animal cruelty' concerns don't apply since they're pests, not pets.",,"So are you saying only PETS can be subject to animal cruelty -- that torturing or killing non-pet animals would be fine? I disagree, all animals qualify for animal-cruelty protection.","Generalizes A's specific, narrow, non-lethal-method claim into a much broader 'torture/kill non-pets is fine' claim A never made -- clear escalation/distortion. Good example."
s125,LOW_CONFIDENCE,,,,"Dense, abstract philosophical dialogue about moral agency and first-principles reasoning -- genuine co-exploratory exchange without a single clearly distortable claim; ends in good-faith clarifying questions rather than an accusatory restatement."
