pair_id,type_candidate,conversation_id,speaker_A,claim_A,challenge,claim_B,label,notes
m076,motte_bailey,t3_2j196u,TheVegetaMonologues,"My understanding was that rape culture meant a condition of society wherein rape is pervasive, normalized, tolerated or even encouraged by societal values and attitudes. By that definition, I don't think there is a reasonable argument to be made that a national rape culture exists in the U.S., except in prisons. There is no ""epidemic"" of rape here, like many feminist rhetoricians suggest. Rape rates have plummeted by somewhere between 60 and 80% over the last thirty-five years (depending on whose statistical methodology you agree with), just like violent crime as a whole. Rape deservedly merits some of the harshest prison sentences handed down and virtually every serious person agrees that that's a good thing. With the exception of a few wacked-out republican politicians, the national dialogue about rape consists almost entirely of discussions on how to lower the rate even further. Anyway, my point is, if you can't joke about things without contributing to a destructive culture, then we also have a holocaust culture and a dead baby culture that need to be dealt with.","There's a difference between saying a situation has improved and saying that a problem has disappeared. Rape is still dramatically more prevalent than other violent crimes (like murder). It's not a question of a 60% reduction, it's a question of orders of magnitude.",I didn't say the problem of rape has disappeared. I just don't think there's any reasonable argument that we have a *culture that fosters rape.*,,
m077,motte_bailey,t3_1l4s6s,Domer2012,"If we were to actively promote ending the use of any word that might hurt anyone at any time, our vocabulary would be mutilated and replaced with ridiculously PC adjustments (case in point: Tumblr SJWs). That said, I recognize that more people claim to be hurt by this word than most others. I think this campaign may be doing more to ""hurt people for no reason"" by exaggerating how hurtful this word really is and by conflating people's identities with their disabilities. That alone, I think, should give people pause to consider if what they are doing is really going to empower them. I know I would feel less empowered if I were given a list of words that I was told should be offensive to me because they define me as a person. All that being said, I also just see the movement as futile. It will either never go away or be replaced (you already see this with the negative connotation with the word ""special""). I see it as a waste of time, energy, and money that could be spent actually helping people with disabilities instead of kicking up a PC shitstorm.",You are over-analyzing it. This is not about censorship and free speech. Of course you ***can*** call people retarded. The fact of the matter is that you have a choice. You can choose to use or not use that word. Of course you have free speech. The real issue is that you are potentially hurting people's feelings for no reason. It's kind of like calling your friend's grandma a motherfucker. You are free to do that. Of course. But do you really want to choose to be the guy that does that?,"I recognize that. However, there are such things as societal limitations on speech. I personally never use the word retarded, not because I think it's bad to do, but because I am in academia and I would receive scowls and glares and would probably lose some of my more ""progressive"" friends. I am not saying that using the word retarded should be legal; I never thought it wouldn't be. I'm questioning the motives and efficacy of the societal censorship of a specific word.",,
m078,motte_bailey,t3_2n900k,elmergantry1960,"The libertarian argument with regards to this is that government allows for corporations to have lower wages and hurt the working class through crony capitalism. Government agencies that impose regulations of various businesses more often than not have quite a few superfluous regulations that were lobbied for by corporations. Meeting these regulatory requirements makes it more difficult for people to start up a business, which decreases competition. If these regulations were removed, then more businesses could arise and would compete to have the best labour force, which means they would have to offer slightly higher wages. I know what will come up is the proposal that these regulations keep us safe, and some of them do. But it's bad business to market an unsafe product. Because we're in the 21st century and information can be spread quickly, if a corporation is doing something unsafe for the public, people will find out and there will be outcry, which will hurt the company, so it's bast to make sure that the product is safe. As for your final paragraph, I don't consider the current situation fair because of crony capitalism. But, if you sign a contract voluntarily, then it is a fair process. I don't see how this belief would make it so I can't complain about the status quo when the status quo is not a free market. As for how government is no different than a corporation, with a corporation you sign a mutual agreement for work. You never sign an agreement with a government. The government has all sorts of power over you that a corporation does not. It can throw you in prison for what you do in your private life or not obeying a set of rules it outlined. Also, government doesn't provide those services that you listed. It uses your money to hire private companies to provide those services. Now cutting out the middleman is where some libertarians disagree. I'm a minarchist rather than an anarchist and ave no problem with that level of government. However, roads, for instance would still exist without government. They could be toll roads. Or if the roads lead to and near businesses, the businesses could pay to have the roads made and periodically fixed through an annual budget, which would be in a voluntary agreement between to two private enterprises. This is even done with some roads in america, but is very uncommon because government usually acts as the middleman. While I don't agree that it would be better, it's also possible for a private police force to exist. People would buy insurance that would cover problems that normally the public police force deals with. When it becomes necessary, the insurance company would work with the private police force to help you with the legal problem you face. Private investigators do exist.","Well, this is a good point. However, I have 2 problems with it: 1. Is it certain that government regulation is what's holding new businesses back? I would think that even with regulations removed, a good start capital is still the biggest obstacle. Unless we remove that obstacle, I don't believe the change would be as drastic as you describe. 2. Suppose there are more businesses to compete, don't you think the business with the higher capital and superior means of production could simply offer the same wages and then outcompete the concurrency to acquire monopoly, after which it can lower said wages? I'm basically making the analogy that what country you choose to live in is a ""free market"" in the same way as these corporations would be in a libertarian society. Meaning, if you don't consider crony capitalism fair, then you still have the choice to leave or start your own nation (in the hopes that more people will support you and also move to it) A company also has rules. You are just as free to leave a (democratic) country as you are to leave a company. You just won't have the benefits of being a part of it anymore. Maybe you didn't sign an explicit agreement, but you voluntarily agree to stay there. Right, just like a company takes a large cut of the profits your labour makes to maintain and improve the means of production you've been using.","Obviously, starting capital is always going to be a large factor. However, there is a minimum amount of starting capital one must have to start a business and what I propose won't make it so just anybody can set up a major business, but it will lower the threshold. But then once it lowers wages, workers would be upset, which would make it easier for other companies to start up with better wages given as incentive for these workers to leave. I'm not saying monopolies would never happen, but I am saying they would be short-lived. I think I understand what you mean. I think the concept of going to start one's own nation is not analogous to changing jobs due to the amount of work required. Instead, the best option would be to change the system, since that is part of the ""contract"" I'm in with the government even though I never consented to it. A problem I have with your argument here is that it seems to assume that the policies of a government or company are stagnant. Those policies can be changed by workers and voters. I don't see how staying in a country is analogous to sticking with a job. The amount of work required to change one's situation is vastly different. For many, it is unfeasible to leave the country. It's much more feasible to change jobs, especially in a free market. Could you expand on how these two situations are analogous? I need a bit more to make a proper response.",,
m079,motte_bailey,t3_2vvnc6,Corvese,"Gender is on a spectrum, sex isn't. For 99.9999% of people, it is very clear what sex you are just based on organs.","While true, genetic mutations can result in women who have very similar body types to men (by naturally creating too much testosterone for example) so the line is very blurred","Which is why I didn't say for 100% of people. How common is something like this? I'm way out of my element here, so I'm just curious at this point. And even if that is true, I would say that that woman is just better suited with her body to do well. If she is a woman, has all woman parts, she should compete against women, regardless of whatever advantage her body gives her. If you can't complain about a basketball player being born taller than everybody else, I don't think it's fair to complain about this either.",,
m080,motte_bailey,t3_2w5y1d,abk006,"Neither event has the goal of celebrating specifically straight sexuality at large, while Pride has the goal of celebrating specifically queer sexuality at large. Those are bad examples anyway because 'girls flashing their boobs at the beach on Spring Break or for beads during Mardi Gras in New Orleans' are basically half of the reason that college students have a reputation for promiscuity! They don't claim to represent all straight people, just 18-22 year olds with no responsibility and a lot of booze. If frat boys really had a problem with their reputation for promiscuity, I'd advise them to avoid holding wet t-shirt contests, but - unlike gay people - they aren't a special interest group pushing for national political change.","Random guys at Pride don't claim to represent all gay people. The guys in the picture you posted look like 18-22-year-olds with no responsibility and probably some booze *who cannot safely behave like straight Spring Breakers at any time and place other than Pride.* The political organizations that claim to represent all gay people take care to project a very respectable image, for better or worse.","Here's the mission statement from my city's pride organization: Yep, nothing in there could *possibly* be construed as an attempt to be representative of gay people in general, especially not the part about 'promoting a positive image'. The simple fact is this: if gay people want to try to combat these stereotypes, they should boycott existing organizations that allow these 'non-respectable' people in their events, and/or form new organizations that disallow them. [Plenty aren't 18-22 year-olds](http://upload.wikimedia.org/wikipedia/commons/e/e2/Gay_Pride_Madrid_2013_031.jpg), and - though you might disagree - I'd say this kind of stuff is well in excess of anything I've seen from straight, drunk college kids at a frat house or even in PCB on Spring Break. Anyway, I'm not saying that gay people shouldn't be allowed to do this. If it's legal for a straight couple to walk around naked holding hands, it should be legal for a gay couple to walk around naked holding hands at the same time and place. My point is that - legality aside - it's not a good way to be taken seriously, or to reverse an existing stereotype.",,
m081,motte_bailey,t3_22ro8l,Bagodonuts10,"I don't have an addictive personality and I find it incredibly easy not to overdo things because i don't want to. Am I strong because of this, or just lucky? I would say lucky. This probably isn't the argument you were looking for, but when you look at the world through the lens that free will is not a thing, saying people deserve something makes no sense. People are a product of their genetics and environment, both of which they have no control over. I remember watching an episode of house where one of his patients was disowned by her family for being a drug addict, but they found later that it wasn't her fault, but rather she had a brain tumor on the part of her brain that controlled addiction. How come in this instance, it is not her fault, but if her brain acts in the same way as the tumor is causing, without the tumor, it IS her fault. It seems reasonable to me that one day we will be able to give people a pill to cure their addiction and make their brains work like yours and mine.","Then your point is that in the world there are no addicts, just people whose brain works that way?","Correct (kindof). And we call that person an addict. I'm not saying that every person with an addictive personality can't control it or may choose not to take them in the first place, but those people are just responding to a different aspect of how their brain works. They might also have had an upbringing/environment that discouraged this. My point is that judgement is only useful if it helps a person quit, and doesn't make sense otherwise. I am not a better person for not being an addict, I am a more lucky person. You can make luck and better synonymous if you want and that makes some sense. I am just trying to put a different spin on things. I don't always take my own advice, but I still think its good advice.",,
m082,motte_bailey,t3_3h8y7m,CurryThighs,"""Normal"" (adj.) Conforming to the standard or common type. --- By the above definition, we can be sure that there is a 'Normal' human being. Or at the very least, various 'Normal' states to make up a 'Normal' human being. Anything that is in the majority is a 'Normal' state. So, the 'Normal' human being is a Cisgendered, Heterosexual, Chinese man. This means that states such as Transgender, Homosexual, Autistic etc. are not 'Normal'. They are in fact 'different'. and we desperately need to stop acting as if they are normal. They are different. This does not mean they are worse, undesirable or negative. Nor does it mean they are better, desirable or positive. They are simply different. _____","The majority of humans are not Chinese. There is no nationality that the majority of humans can be described has. A plurality of humans are Chinese, but that is very different from a majority, especially in regards to defining a ""normal"". Also, there are more than 3 human traits. There are more human traits than we can realistically count, and each will have variations. The vast majority of traits have no ""normal."" For the traits in your post title, sexuality is abnormal in that a ""normal"" can be defined. And there are so many traits in existence, that no one will be ""normal"" in all of them. And when everyone is abnormal, doesn't that mean that abnormality is normal?","I realise I skimped a little on my research with the Chinese bit. My point was that whatever the largest ethnicity is (I chose China because they have the largest population, but thats not an accurate representation of racial majority) is the 'Normal' ethnicity. I understand there are more than three traits, I was simply using those as examples. Again, my point is, whatever state is in the majority (Highest percentage) is the 'normal' state. Every trait will have a most commonly occurring state. I never said there would be someone like that. ""And when everyone's super, no one will be.""",,
m083,motte_bailey,t3_18dj9h,jimethn,"Efficiency. It's easier and quicker to get the optimal nutrition, requiring less planning and preparation, by eating meat than by eating vegetarian.","This isn't true. Meat isn't a magical substance that contains everything you need. Plus, to feed people more animals is to feed the animals themselves more food. For every pound of protein a pig makes 10 pounds of plant protein is needed. Most of the United States soy, corn, oats, and wheats go to livestock. If we would just directly eat all of that we'd feed more people.","I didn't say it contains everything I need, I said it has a better protein per gram ratio than any plant. Furthermore, it has a more complete amino acid profile than any plant. Thus, it's the most efficient way to intake the specific subset of nutrition in which meat specializes. What *you* seem to be arguing is that it's not the most efficient way to create or distribute that nutrition. I'm not disagreeing with you there. I'm saying meat is the most efficient way to *ingest* it.",,
m084,motte_bailey,t3_2avwd8,Armadildos,"I haven't thought about water. As for air: and the fact that people enjoy nature: Edit: It's pointless to speculate about the possible solutions, my point is merely that preserving the environment is not **NECESSARILY** the only answer. My crack at it: Perhaps a more efficient desalination process? Again, speculation about the specifics of alternative solutions is pointless.","I think there also comes a point where you're inventing technology for the sole purpose of being able to destroy the environment. Could we potentially figure out ways to make air and water and food without the need for a biome? Sure, but why go to all that trouble when we have the biome already?","Because the biome clearly will not be able to support humanity at its current rate of expansion. If we can perhaps alter the biome or the way we interact with it while not stifling human expansion and development, then so be it! In that sense, I'm not saying we **should** destroy the environment but rather that its preservation is not the only solution.",,
m085,motte_bailey,t3_2wh592,WaffleHacker,"Still. They treated her like an object. Also, it wasn't an appropriate place and time for such interactions. Even stopping someone to say ""hi"" in that scenario would be weird.","Why! What's wrong with human interaction? If I was to say hi to a woman walking on the street, then I would be creepy? I would be weird? Do you ever talk to women at all? ""Hi"" is about the most innocuous thing a man could possibly say to a woman, or anyone, and you interpret it as some kind of ""objectification."" The woman is become a *victim* of *sexual harassment*, simply based on the unfounded assertion that my intention for saying ""hi"" was to eventually have sex with her. I would suggest most men ultimately want to have sex with a woman; being human and needing to reproduce, I see exactly nothing wrong with this. Is saying ""hi"" really such an offense? How would *you* talk to that woman in that scenario?","I never said saying hi would be sexual harassment. I'm just saying that saying hi to anyone during a walk in a busy city while they clearly have place to get to, would be at least annoying. I would assume you were just trying to sell me something. I do have human interaction, but there's appropriate places to interact and not interact. Busy city with people having stuff to do and people minding their own business? Not okay. School, bars, and other places where people are interacting? Fair game. But if you don't know the time and place to interact, I'd assume you might fail at social appropriate places too.",,
m086,motte_bailey,t3_32lp3g,Euralos,"So you're saying that by default all Muslims are terrorists unless they prove otherwise? That's literally the definition of xenophobia. Wait, are you saying Timothy McVeeigh wasn't a ""real"" American? Now who's using fallacies? Also, he was associated with several paramilitary, ultranationalists groups, groups that certainly did seek to define themselves as the ""true Americans"".","No, I'm saying that people who make excuses for terrorists support terrorists. By default nobody is, but if the subject comes up and there is someone who presents himself as muslim and does nothing to contradict the ""islam obligates us to do these attacks"" narrative then I will consider him a terrorist sympathizer. I did not say that McVeigh was not a real American. Read. I'll take your word. So, I will consider Americans who, if the subject comes up, start making excuses for American ultranationalism or for McVeigh and associates and the attacks to be supporters of terrorism.","Again, nobody is obligated to disassociate himself with something as large and unorganized as ""Islam"". There is no central Muslim authority, so treating anybody like they are a terrorist simply because they are Muslim and didn't public comment on terrorism one way or the other is xenophobic at best. Reading between the lines, this seemed to be what you were implying. I apologize if you do not articulate your positions clearly.",,
m087,motte_bailey,t3_2oihml,5510,"So what about someone like me who would NOT blame the ""other guy"" without some sort of unusual circumstances?","I think that's similar to saying, ""It doesn't bother me if people use slurs about me, so it's ok to call people whatever I want even if it deeply offends them"" If there's a reasonable expectation that most people would be upset, then the moral thing to do is to refrain. Now, if you *knew* that the other person wouldn't care, then go for it.","Keep in mind I'm talking from a neutral hypothetical point of view, I've never actually been the ""other guy..."" But I don't think that just because most people would be illogically upset, that therefore I can't do something. They should obviously be upset with their SO, but I see no logical reason for them to be upset with me. I think that getting upset with me would implies that their SO has no agency, that I used their ""property"" without permission. And I think they still may have feelings for their SO, so they would rather shift blame away from them and on to me. Alternatively, at least from a male point of view, being cheated on can feel emasculating, getting angry and calling me an asshole and threatening to kick my ass helps them feel more like a man and less like a little bitch (I'm NOT saying someone IS a ""little bitch"" if they get cheated on, or that they should feel emasculated. I'm just saying they may feel that way).",,
m088,motte_bailey,t3_2orfda,TheEquivocator,"I'm starting to get confused about some points, so instead of trying to respond directly to your post when I'm not sure we're on the same page right now, let me ask you a few things directly to clear up my confusion. To start with: here are a few things that I *think* you're saying or would agree with; please correct me where I'm wrong: 1. The discussion we're having has nothing to do with the approach of the legal system, which should possibly follow different principles, but rather with the approach that individuals should use to determine their actions that affect others, in cases like this where there's presumably a right side and a wrong side and there's little evidence to decide which. 2. In these contexts, you don't see a meaningful difference between action and inaction; rather you see all modes of conduct as equally active choices. 3. This discussion is restricted to a ""zero-sum""* situation (such as the decision of whether to give someone a forum on live TV to accuse someone else). I say this, not because of anything you said, but because I have no trouble imagining actions in general that have potential to help (or mitigate harm to) one, without in any way harming the other: for instance, providing therapy to the (alleged) rape victim, where the man she accuses will not even know of it, let alone be affected by it. Therefore I conclude that we're talking specifically about areas of choice where the outcomes are zero-sum. ^(*)^(I'll use the usual phrase for situations where each side's gain is the other's loss, as I'm not yet certain I understand the point of your distinction between ""zero-sum"" and ""negative-sum"". If it's important, we'll get to it.) 4. The distinction between *harm* and *benefit* is inescapably relative: these refer respectively to worsening and improvement of an implied baseline state. You seem to accept these concepts as valid in general, but I can't make out what you see as the baseline state in this case in particular (a woman who may have been raped who wants to go on a TV show to accuse the man who may have raped her). I hope this isn't becoming tedious for you, but like I said, I'm getting the feeling that we're drifting farther and farther away from understanding each other, and if we can't clear up the points we're mistaking, we'll keep drifting to the point where we're talking past each other entirely. If you do start becoming bored or frustrated, I won't be offended if you opt out of the discussion. I would understand that.","Thanks for putting in the effort to ensure that we're understanding each other. 1 - ""The discussion we're having has nothing to do with the approach of the legal system"" Mostly. This is about front-line entities that must make decisions about non-criminal or pre-criminal issues with limited access to evidence, whose choices have meaningful impact on the lives of those involved. Police on the ground count, FBI investigators don't. School disciplinary boards count, juries do not. 2 - ""you don't see a meaningful difference between action and inaction"" Yes, and this is especially true because inaction is the most damaging possible option in this situation. 3 - I always assume pareto-optimality is in play among well-intentioned parties. So, if counseling is available to one or both parties without damaging the other, of course it should be allowed. That's a no-brainer to me. My arguments are only focused on those aspects of decision-making that are exclusive or carry serious repercussions. Per the difference between zero- and negative-sum games: war is negative-sum. When you kill an enemy soldier, you don't get one of yours back. A long war is bad for both sides. Monopoly is zero-sum (barring passing GO): when you take someone's $100, you gain $100. A longer game means more exchanges, but the same amount of money. In rape and rape accusations, arresting the rapist does not un-rape the victim - and arresting the accuser does not undo the harm to the accused. You can only selectively apply and not apply harm. 4 - ""The distinction between harm and benefit is inescapably relative"" I'm measuring harm and benefit versus the state of nature. So, in a state of nature let us imagine an impossibly bad situation. A woman is raped, and she falsely accuses someone of said rape. Both parties are victims for this situation just to help game out all the pitfalls. The state of nature would be that these two people would get the fuck away from one another, and would have to deal with the (quite unequal) traumas that they have endured, while navigating the largely negative social effects of their situations from their peers. As an institution of higher learning, I have coercive power over these people's futures. Through inaction, I assure that all injured parties must sacrifice their futures just to get to the state of nature in this case. All victims have a right to flee their aggressors, and inaction on my part as a university guarantees harm. Through inaction, I am affirmatively preventing them from seeking the state of nature. It is not in principle that I consider inaction to be the same as action. It is in the case of rape, in which institutions of authority have coercive power over the lives of those involved in a crime, that inaction is literally worse than acting at random. I hope this helps clear some of these things up.","In some ways it does, in others it makes it worse. I'll go through each point and tell you what it didn't and didn't clear up. 1. Good enough. I don't fully know the *basis* of your distinction, but I don't think that's important, as I'm fine restricting the discussion to what we might call civil issues, rather than criminal ones. 2. Your first answer was simply ""yes"", which I would have taken as entirely straightforward, but at the end of the post, you qualified that ""it is not in principle that I consider inaction to be the same as action"", so I am once again unsure about your views on this. It now sounds to me like you *do* see a meaningful distinction between inaction and action in general, but it's either inapplicable or outweighed by other factors in this case. Maybe this will be clarified when we get to the part about ""harm"", ""benefit"", and causation, which is still the area I'm most confused about, I think. 3. Had to look up Pareto-optimality, but that's a useful term to have, thanks, and yes, that confirms what I thought you held about that point. Your explanation of negative-sum as distinct from zero-sum is quite clear when it comes to war (the actual characterization of war as negative-sum might be quibbled with on the basis that war entails gains for the victor as well as losses, but I think that's probably beside the point). However, when you apply it to our situation, I lose you again. This really gets into the issue of point 4, but I think it'll probably be best to raise my own view at this point, by way of contrast. It may diverge from yours in more than one place. As I see it, if I'm a university (to take your example) deciding what, if anything, to do about a rape accusation, the baseline state of the ""game"", from my perspective, is what will happen if I take no action at all. With this seen as the baseline, the game is roughly zero-sum—while it's hard to quantify the results of my actions on either party, I can at least say that any peace of mind I give to the accuser, say by expelling the accused, is a benefit to her, that comes at the expense of harming the accused. Again, a key point here is that I don't see inaction as *causing* anything, but rather as failing to play a causative role in the situation. I know that you disagree with this, but I don't know exactly where or how. 4. Before anything else: Objection, Your Honor! I don't share the assumption that you're trying to slip in here, and since it's beside the point, let's strike it from the record. Moving on, I don't quite understand your reference to ""the state of nature"". To be clear, again, as I see it: the reference point for the effects of my actions is the outcome that would occur if I took *no* action. I'm not sure how you see it. You certainly don't think I'm responsible for any action that *anybody* takes that's contrary to the state of nature—if A kills B, that doesn't mean *I* killed him—but I fail to understand what you're holding the university responsible for here. Your next paragraph seems to offer some sort of clue, but I don't know how to decipher it: Who? What? What coercive power do you have other than the power to expel, which, in the case of inaction, you are not exercising? Also, we started with the example of a TV journalist with the ability to broadcast an accusation. What coercive power was at work in his case? I think I'm once again at the point where I don't understand your view even enough to engage it. Hopefully the above gives you enough idea about what I'm missing to clarify some more.",,
m089,motte_bailey,t3_2joctk,mrlowe98,"I'm not saying you're ignorant, I'm saying that a person who's trained for years in that specific field is going to be significantly more knowledgable than anyone who hasn't been. That goes for you, for me, for everyone who's not studied medicine as a profession (or as a really deep hobby). I'm sorry if you actually are a licensed medical practitioner, but I seriously don't think it's rude to be presumptuous when there's an over 99% likelihood that I'm right.","The inclusion of the word ""completely"" is insulting as it implies an utter lack of ability to assimilate information. Your whole post demonstrates you made no effort to understand what I was saying and dismissed it offhand because of that implication.","Yeah, I went back and reread my comment and saw that that was what you were getting upset about. I made an edit to expand a bit on what I meant by it- to an average person you may be quite knowledgable, but to a doctor it would seem like you know next to nothing. Of course there are exceptions to this rule like there are pretty much all rules, but it's a good rule to go by the vast majority of the time.",,
m090,motte_bailey,t3_1u4fqn,CleanMyWounds53013,"No, they shouldn't be killed, they should be put to work.",And there's your problem. Your hypothetical world blatantly disregards human rights simply because you don't like it. I have the right not to work and not be killed for it. Just because you see it as unproductive doesn't mean I deserve death. You are literally advocating for death panels. Human rights shouldn't be infringed upon just because you find it not to your taste.,"No, death should only be for mentally and physically disabled, and criminals. You should be forced to work if you don't. I'm not saying 24/7 endless labor, it'd be just like a normal job, but mandatory.",,
m091,motte_bailey,t3_3hdjdq,CaptainCfo,"Disclaimer: I am very anti-theist so that's why I have such a negative thought of bringing your kids to church. Bringing children to church starting at a young age is very likely to make that person blindly follow that religion without them having much of a choice. At a young age, kids are impressionable and tend to believe whatever an adult/parent says to them. Thus, the odds of them changing their beliefs are lowered. I am not saying that they will never switch, it's just the odds of them doing so are severely lowered. I believe that any church or religious meeting areas should have an age restriction (I will leave that age number up for debate). And not to make them not believe in religion, that violates the constitution. But to let them make the choice themselves, and purely by themselves. I know that the parents could just teach them about it, but hey, if some people are going to indoctrinate their child, might as well make them use their own time to do that. _____","You could just as easily flip the situation as say that atheist parents who teach their kids to not believe in God and read Darwin are also being brainwashed. There's clearly not any objectivity or potential for the child to think critically in that situation. I know you'd probably say that you wouldn't force atheism on your child, but you're lying to yourself if you tell me that you'd give equal time to making a child think about theology and how it could be right. Since people are always going to have biases, it's better to let parents teach their kids what they think is right, and let society shape them in adulthood. I was raised christian, but exposure to the internet and different kinds of people pulled me to agnosticism, so it's not like kids are doomed for having religious parents.","I am not saying that they should be taught to not believe in a god. I am saying that the decision of religion, should be 100% up to them, and not with the help of any other person. So if I had a child, I won't be able to force them to be atheist.",,
m092,motte_bailey,t3_2llfy2,hacksoncode,"Stalls and urinals don't perfectly hide the person inside them. Until people become completely comfortable with the possibility of people of a different gender seeing them partially naked, and with seeing people of a different gender partly naked, this kind of proposal simply will never fly. It's one thing to say that *single toilet* bathrooms with locking doors should be gender neutral. That's actually feasible, and I would agree with that view. But multi-person bathrooms can't be genderless without a massive change in culture taking place first. Now, if you want to make an argument that people shouldn't care about this, fine... I'd even agree with that. But they do. If absolutely nothing else, it's going to make it *very* hard to have a law against flashing that applies in a bathroom. And creeps will take advantage of that. Edit: clarify main point per below.","People already have to accept that, because those are the stalls we have now. The only difference is that people would have to accept seeing/being seen by people who aren't of the same gender as they are.","You are, of course, correct... that's what I meant.",,
m093,motte_bailey,t3_2opfa2,Count_Spockula,"I think parents have a duty to answer such questions in a realistic context, not the uncompromising manner you suggest. Doesn't the United States have enough problems in their society already? Show a little tolerance and compromise. Jesus would. Reminder: I'm completely Atheist. Edit: my kids have always attended Catholic School. Now they're mid-teens. I've been extremely careful to not influence their beliefs. I think it's important to let them discover their own truth. And guess what. The system failed to prevent their becoming Atheists of their own accord. So get a grip. Don't be so absolute. It leads to conflict with neighbours to no purpose. Ps: there's a Nativity scene under my tree.","I'm glad that you're an atheist. I don't see how that's relevant. It isn't a matter of tolerance -- I believe it is *more* tolerant for the government not to openly display a religious affiliation. I'm not saying this is some huge issue that is tearing America apart. I'm just saying that, ideally, the government wouldn't endorse any religion at all. There's a reason that the very first sentence of the US Bill of rights is ""Congress shall make no law respecting an establishment of religion."" And I don't care what's under your tree. Private individuals can practice religion however they wish.",No its not. It's trivial and mean spirited to focus so much rancor on a Nativity scene. Perversely counterproductive.,,
m094,motte_bailey,t3_2c1q5v,1282,"Yeah, you likely made a snap judgement of me based on my criticism of feminism. I'm not sexist.","And my uncle calls black people the n-word all the time and doesn't consider himself a racist. I'm not saying you *are* sexist, but perhaps you could spend a bit of time on introspection considering it seems several people/groups of people think you might be.","I don't believe those people have good reasons for believing that. I believe they think that because I'm critical of feminism, and very often feminists conflate criticism of their ideology with sexism.",,
m095,motte_bailey,t3_31cggh,THE_LAST_HIPPO,"Thanks for the complement! Now this feels rude, but... That's not *quite* what I meant, though I suppose that works too. I was trying to say something like this: let's say you decide to run red lights all the time, even when it's dangerous and there are other cars around. At least *some* people are gonna be like ""well, fuck! that guy's doing it!"" and do it themselves. The more people who do it, the less people respect the law, leading more people to pick and choose which laws they follow. It might sound ok for the laws you're against, like speeding when it's safe or the like, but how about laws against, let's say, rape or infanticide? Those are extreme but the general idea is the same; Sorry to be an a hole, thanks again!",Nah you aren't being an a-hole or anything. We're having a good discussion and I agree with you now. *I may be able to run red lights safely and/or handle the legal consequences* but not everyone can. Leading them to think so is definitely irresponsible and could have massive consequences. Solid point,"Ah, ok, I think I just misunderstood what you said, that's exactly what I meant I think.",,
m096,motte_bailey,t3_1wjggc,[deleted],"I'm not? Dafuq? I'm making a distinction between sexually *capable* young adults in puberty, who in our history *were* impregnated for instance as soon as possible, and pre-pubescent children who aren't ""children"" for the purposes of the discussion, but ""babies"", in that they aren't capable of sex; it's a distinction for the discussion. ffs","So the age of puberty is what matters? The average age of menses has fallen for women, and I am not sure of trends for men. Also - what do you mean ""capable of sex""?","For most of human history, it was what mattered. In our modern times, we've arbitrarily designated 18 as the ""age of reason"". I'm saying that I can, on some level, *understand* an attraction to an age group both capable of reproduction, and which at *one* point in the past when you were also that ago, you found attractive (assuming you were past the 'cooties' stage). That's really what I meant by ""capable of sex"" - more specifically, reproduction, and if it's minor-minor intercourse, it's not pedophilia. I was a little lazy, rather than looking up the specific terms for finding reproductively capable teenagers attractive versus what I consider ""true"" pedophilia, that is, finding pre-pubescents attractive. I can *see* a distinction between the two in terms of understanding the philia, and a distinction in the way we should *treat* it within the legal-medical system were it to be considered an orientation and not a cognitive disorder. Someone who has basically just not grown up should be treated different than someone whose ""preference"" can't be fathomed in any rational way. That's before we even get conclusive cognitive evidence on whether you can physically alter the brain to change sexual preference, ala cases of accidents or removal of tumors in which the sexual preference of the individual changes.",,
m097,motte_bailey,t3_33txti,435354,"Suppose that we live in a small town. In one reality, a straight man is punched in the face and someone yells ""Breeders aren't welcome in this town!"" What impact will this have? Certainly people may be more vigilant until the person is caught. After he's caught, life will probably return to normal: people won't stop dating, or holding hands, or getting married, or talking about people they are attracted to. The behavior is unlikely to spread and create more heterophobic incidents. That's because this crime occurs in a microcosm; it isn't social. Let's consider the (more likely) reality where a gay man is punched in the face and someone yells ""Fags aren't welcome in this town!"" The impact here is likely to be harsh; even after the person is caught, gays will likely reduce their level of affection, people will be less likely to come out of the closet, homophobia will be more likely, and gay people as a class will live in more persistent fear. Life won't return to normal just because the direct perpetrator is caught. That's because society is homophobic, and the individual crime reinforces pre-existing power imbalances. When we analyze these two scenarios, we see different outcomes due to social context. Using power-based definitions of prejudice is simply, within the field of sociology, a tool to recognize this when conducting analyses.","It seems implausible to me that having a person commit a hate crime against a certain group of people would have no effect on that group as a whole simply because they are the dominant group. I'm not white, but I imagine that if I were and I'd heard about a white person walking in Harlem getting punched in the face by a black man who was yelling ""white people aren't welcome in Harlem!"" Then I'd think twice about walking through Harlem. Similarly, to follow up on your example, if I were walking in the street after hearing about a straight guy getting punched in the face for his sexuality, I might hesitate to be too overtly affectionate to my girlfriend in that area. I think that just assuming that expressions of racism against a group in power have no impact on the psyche of the people in that group is pretty disingenuous. The assumption seems particularly false if you're dealing with people who don't perceive themselves as part of a group in power (I think this is the case for many white people, whether or not it is true). I'm not convinced by this. Because we live in a homophobic society, this kinda of thing is relatively normal. Expressions of homophobia aren't uncommon, and homosexual people already have to be vigilant. It seems to me that rare events often have a larger impact in people's minds than common events. As a result, I think it's more likely that homosexual people would be less affected by individual acts of homophobia than that heterosexual people would be by individual acts of heterophobia, simply because homosexuals are used to it and heterosexuals aren't. I don't know if research into this exists -- I may be completely wrong. Sure, when looking at society as a whole, systemic racism may be the only usefully form of racism to study, but that doesn't mean that colloquial use of the word has to adopt that sociologically useful definition. To be honest, I find it kind of odd that people insist that ""racism"" means ""systemic racism."" It suggests that the sociologist who coined the term ""systemic racism"" was out of loop regarding the definition of ""racism,"" so he coined a redundant term. I think it is far more likely that this idea developed more recently as a response to accusations of racism against minority individuals. If ""racism"" is ""systemic racism,"" then minority individuals can't be accused, which is an idea that a lot of people find appealing: ""racist"" sounds a lot worse than ""prejudiced.""","I'm not saying it would have no effect; I'm saying it would have a different impact in a way that's interesting to talk about. So, for instance, after this incident would you feel compelled to tell people you have a boyfriend? Would you hesitate to contact the police if it happened to you? Would you fear a wave of heterophobic violence, fear that you wouldn't get sympathy from family, or lack confidence that the authorities would investigate the issue? Would this fear persist after the person was caught? Of course you'd have a reaction; you'd be remarkably strange if you didn't! But it's almost absurd to talk about; of course you wouldn't, after this incident, start lying to people by saying you have a boyfriend. Society is heterosexist; it valorizes heterosexuality, so you could be reasonably confident that society has your back against this lone psychopath. You'd be scared, but not necessarily isolated. That's sociologically interesting. That doesn't mean that a homophobic hate crime is morally worse than a heterosexual one. But it does mean it's different, and sociologists are interested in that difference. Research into that specifically doesn't exist, but there's ample evidence that homosexuals experience significant minority stress because of homophobia; it drives depression, drug use, risky sexual activity, etc. Again, that's an important sociological difference: there's no systematic phenomenon where heterosexuals are using drugs because of heterophobia. Without an understanding of how systematic homophobia operates in society, we're stuck viewing these issues as just a personal problem for homosexuals. But the evidence suggests it's systematic. On a personal level, I can tell you that knowing anti-gay violence is occurring in your city is terrifying. When I'm in certain parts of the U.S., my partner and I lie about what we mean to each other because we fear discrimination. We fear it because, fundamentally, society still doesn't ""have our backs"". In other words, prejudice plus power. I don't necessarily agree with this. Anti-white prejudice is wrong, and we should talk about it. I can't speak to this; I've never encountered non-sociologists outside of Reddit who use racism to mean systematic racism. Such people are wrong. Words are tools for understanding. ""Theory"" has both a colloquial usage, and a particular conceptual usage within science. ""Racism"" has a colloquial usage, and a specific usage in sociology. One can't escape moral responsibility by saying ""Well, in sociology terms I'm not being racist!!!"", because in the instance of moral responsibility sociology would not apply sociological racism to the problem. They are racist, in a colloquial sense. We'd only bring in the sociological meaning if we wanted to analyze social context, but we don't do that to determine moral responsibility. It's just misuse of the word.",,
m098,motte_bailey,t3_1t9irv,z3r0shade,"Well... The stories in the Old Testament are not ignored, just the laws. Not only that, but ""original sin"" is actually only mentioned in the New Testament there's no concept of ""original sin"" in Judaism...specifically there aren't ""sins"" in judaism. You either follow God's plan and laws or you don't. This is where we find a lot of picking and choosing. Most will obey the 10 commandments and none else. Most don't even know about or simply ignore the laws laid out in the Old Testament, all 613 of them.","My point was that a whole huge swath of Catholic dogma is centered on ""original sin"", the act of which occurred in the Old Testament. Yet many choose to ignore this. Similarly, most do not understand that the entirety of the Bible only contains 6 admonishments towards homosexuality, whereas it contains 216 admonishments towards heterosexuality. I'm not saying straight people are evil, but the Bible is pretty clear. ;-p","Haha, I'd contest that the bible is not very clear at all. It's only clear if you take a literal meaning to everything in it which most don't do. If you look at it in context, and read you find that the admonishments towards homosexuality are either in the context I specified (non-consensual etc,) or are towards the Roman Orgies and the rape/sexual assault from Sodom and Gomorra.",,
m099,motte_bailey,t3_38pbd5,Aspergers1,"We have a responsibility to prevent massacres or civil wars in foreign countries because we are one of the only ones who can. We are one of the only ones who are in a position where we can help a foreign people. Its like this, lets say you are one of those people who carry a concealed firearm with you wherever you go, and you see someone being raped in an alley at 2 in the morning. To walk away is a terrible thing to do, you have a gun, why wouldn't you use it to protect that poor woman? You are the only one who can! I think we can all agree that when you are in a position of power, you should use your power to fight for the greater good. It is our responsibility to be ""world police"" because we can. Edit: You guys have some very good points, let me revise my opinion. I was obviously wrong to say that we should get involved in ""all conflicts."" We should help people's and nations that need our help, and need us to assist them in an unfortunate situation. For example, if a brutal dictator launches an unprovoked attack on a weaker nation, we should help the weaker nation. If a rebel group is fighting a brutal dictator and trying to establish a democracy, we should help establish a democracy. Lets say 2 countries both depend on a certain river for water, and the up stream nation takes all the water before it reaches its downstream neighbor. So the down steam neighbor, after trying to negotiate, resorts to warfare, and attacks its upstream neighbor. We should get involved, but not necessarily with force. We should start negotiations to get them to share the water. Or we could help the downstream neighbor develop a new source of water. The point is, we don't necessarily have to use force to solve the conflict. But if the upstream nation absolutely refused to allow the downstream nation any water, than we may have to threaten them with force, and if that doesn't work, then we could use force. _____","Through history, lessons are learned. US diplomacy is more effective and less likely to cause blowback than constant interventionism. The American military is not holding back just for the sake of holding back: they fundamentally understand that force is not the only deciding factor. * Vietnam * Iraq/Iran War (and look how well that went...) * Cambodia (1/7 people dead from government that emerged in power vacuum) * Somalia (still at war) * Afghanistan 1979-90s (War and disruption for over 25 years) * Congo DRC 1960 (3 million dead in power vacuum after American intervention) The American public continually underestimates how much rebels and guerrillas care and how little they have to lose. Read War by Sebastian Junger. It's a totally eye opening microcosm.","**Why do you not understand that I am talking about diplomacy rather than warfare!!!!!!!!!!!!!!!!** I'm not saying we should invade everyone, that would be a last resort. I have reiterated this again and again and you don't seem to get it. Warfare would be a last resort!!!!!!!!!",,
m100,motte_bailey,t3_2fwq1i,agitatedelf,"You've ignored the vast majority of my point. 10 years, 28,000,000 cars, 13 deaths. Assuming that cars were sold evenly over the ten years and deaths occurred evenly as well, out of every 2.8 million cars, 1.3 people died. Again, that's pretty low product failure. A statistician would call that an exemplary product. Every medicine you've ever taken has a higher chance of killing you or in some way negatively affecting you. I don't think it is a problem that we can't put a company in jail, because the impact on the US, and through that the world, if GM going away overnight would be massive. If you want to talk about charging the people involved, fine. That's a separate issue. But blaming the whole company and condemning millions for the decisions of a few? That is irrational.","I'm gonna quote you here. I gave you an example. GM admitted to killing 13 people through willful negligence for money. Independent examination shows that number is much higher. An individual who acted in such a fashion would have been put in jail for a long, long time. Possibly executed, depending on the jurisdiction. GM was fined less than 24 hours worth of revenue. Now you're trying to turn around and say ""yeah, they're treated differently when they sociopathically break the law, but that's okay because they're really big and it would hurt the economy"". Either they're treated the same as any sociopath who breaks the law, or they are treated different and that's okay. Pick one.","I'm not saying they are treated differently than sociopaths, I'm saying operating within a reasonable risk tolerance when you mass produce things is normal non-sociopathic behavior. I'm saying comparing this circumstance to a sociopath systematically killing 13 or more people is absolutely absurd, because that's not what happened. GM engineered an imperfect product and sold it knowing it was imperfect. No business would exist if that was a crime. I'm saying the two situations aren't even remotely the same.",,
s076,strawman,t3_1ud8fv,TheInternetHivemind,"That's sort of the point. It's not supposed to make it's way into the constitution until it isn't very political anymore. Setting a universal voting age at 18 would have been insanely controversal way back when (black people, women and non-landowners couldn't vote). And actually, that ammendment stopped states from changing voting ages, not federal.",,Would you mind expanding on this? I don't understand what you mean here. Are you saying that amendments should be free of any disagreement or controversy?,,
s077,strawman,t3_2yx7xp,pantaloonsofJUSTICE,"Self-censorship is an insult to the freedom of speech and of the press. And it is out of sheer fear that outlets do it, fear that they will be branded as racists for descriptively using a relevant word.",,"So you're saying that the best way to get people to stop saying ""nigger"" is to go on a ""nigger""-spewing diatribe simultaneously lamenting racism and peoples' inability to look past the mental connotation of (apparently trivial) inflammatory words. Sounds like you got a little screwed up somewhere in there.",,
s078,strawman,t3_1ly6qz,mach11,I'm not talking about insulting fat people. I'm talking about people taking offense to the very topic of doing something about obesity.,,"Are you saying they take offense to the very topic of *them* doing something about obesity, or to *you* ""doing something about obesity"", presumably by giving it a bunch of lip-service? I would have every right to be offended if someone presumed to know how best to handle my mental states in relation to my bodily states without any authority on the matter whatsoever.",,
s079,strawman,t3_1xauzj,archaic_wisdom,"All the people that are against gay marriage are against it because of moral or religious reasons, or because they feel that there isn't any point to gay marriage (e.g. they don't reproduce, similar to straight couples who decide to not have children) . I still haven't seen a single logical reason why gay marriage shouldn't happen. I have no problem with gay marriage but when I try to understand the basis for the argument of the other side, I see people bashing it because of their personal beliefs and religious morals, not justified, fair, thinking.",,"What exactly do you mean by ""logical reasons""? For example, if someone holds two assumptions - 1. We should not allow immoral things 2. Gay marriage is immoral - it logically follows that we shouldn't allow gay marriage. Presumably you would disagree with one or both of those assumptions but that doesn't make the reasoning illogical (i.e. invalid), just unsound from your perspective. This applies to everyone with regards to pretty much every issue though. For example, those in favor of same-sex marriage argue that it is a human rights violation for the state to not recognize and subsidize same-sex unions. This is opposition based on moral reasons - 1. It's wrong for the state to violate human rights 2. The state not allowing gay marriage is a human rights violation, therefore 3. It's wrong for the state to not allow gay marriage. This is a moral claim. Are you saying that you believe it's wrong or illogical to be opposed to something based upon moral or religious reasons?",,
s080,strawman,t3_2c8fea,bsutansalt,"While I agree with what your saying, I want to point out the problem with the slogan ""my body, my choice"". For decades now it's left off a key portion that would truly make it pro-equality, which is ""my body, my choice, ***my responsibility***"". --Karen DeCrow, former president of NOW",,"Exactly, the man has responsibility as well. His body, his choice, his responsibility. What you are saying is the man should be able to force his decision, under financial threat, on a woman to absolve himself of any responsibility because he should get a secone chance.",,
s081,strawman,t3_1must6,Ninjew333,"Women choose less labor intensive jobs because many of them don't love working with their hands, or in a physical way. This is not true for all but it is true for many. Men choose occupations which pay more simply because there are less people wanting or willing to do that job. Take a construction job versus an accounting job for example...if there are 5 men and 5 women in a room, all 10 are probably willing to do the accounting job. This makes the salary of the job drop as they have lots of people going for it. However, the construction job might only have all 5 men and 1 woman going for it. This makes the salary go up as there are less people willing to do it.",,"Okay, you're saying that women don't like working with their hands. I would argue this premise entirely. Lots of stereotypical women's work involves working with your hands: sewing and knitting and crocheting are a lot like advanced woodworking, they involve complicated pattern design and mapping 3d modeling onto a 2d surface. Gardening is heavy labor, soil is very heavy and gardening involves lugging a bunch of it around and getting dirty in the process. Nursing involves lifting heavy awkward shit (people) and dealing with shit and blood and other bodily fluids, it's pretty hands on. Stereotypical women's work is pretty much all manual labor. The argument used to be that women were too dumb to do anything but manual labor, in fact. It isn't that women don't work with their hands, it's that the ways people work with their hands is heavily gendered. I ask again, why is that?",,
s082,strawman,t3_1nkqn7,stanhhh,"They're all. Directly or indirectly. Knowingly or not. Trough violence, intimidation, shaming, peer pressure or education. This is not normal to have one half of your population walking hidden under a sheet, no matter how you turn it. Women here struggled for their rights and for equity, we aren't going to let some dark age zealots erode this building. Muslim women with full veil are very few actually compared to the muslim population, even the lightest veils are scarce in this regard . Americans are too soft on religions, still way too much under its influence, just see all the creationism bullshit, how they try and invade schools (our children's minds) with their lies and deceptions. See how your presidents must swear on the bible (wtf is that a joke?) Religions are not ""peaceful gatherings of simple folks"", religions are organized, paralell political powers that need to be kept in close check, they're utterly anti democratic. We crushed them during the revolution for a reason (the clergies are, historically -check it- ALWAYS the current tyrant's best friend) . Yes, we aren't soft with religions. And that's a thing future humanity will uphold as a human progress. Now, because france was a catholic country for so long, the catholics are still predominant so they have some more latitudes, but not many and they're losing them. And that's fortunate. tl;dr: religions aren't your friends, they're parallel powers invariably trying to take over because they're designed around this objective.",,"So what you're saying is that they don't have the right for religion unless it agrees with your beliefs. Part of women's rights is allowing them to choose their religion and how they practice it. I mean, I'm not disagreeing that religion is extremely damaging, but at the end of the day, it's not my job to police a Muslim woman or tell other women what is okay for them to do religiously. It is THEIR choice. Anyone from the Middle East could just as easily argue that it's not normal to have women unveiled, trying to argue something from the perspective of 'normal' is going out on a limb because there is no set thing for normal, normal changes based on where you are in the world. American's have the right to practice their religion publicly, it was a part of the first amendment of our constitution, a constitution that partly inspired your revolution.",,
s083,strawman,t3_3dnhsi,stares_at_screens,"Your post is not clear and you are going to get a lot of confused responses. First, you can't just talk about the ""the West"" and ""Reddit"" when you're talking about laws. The US does not have any laws against freedom of speech. Europe does. But Reddit is an English speaking website that originates from the US. And most people here are from the US. Second, you have to clarify if you are talking about free speech law or if you're talking about the confused arguments that arise in Reddit where people often get upset when a private business censors speech (which is actually a form of free speech itself).",,Are you saying that corporate censorship is free speech? I have to ask because the idea is so ludicrous that I have to assume I'm misunderstanding some vital part in that sentence.,,
s084,strawman,t3_2ldxdq,silverfirexz,"Listen, I'm telling you that as a woman, I would want to know this about someone I'm dating. The information itself isn't a deal breaker, but you hiding it is. Whether it ""causes destruction"" is irrelevant, and, frankly, is indicative of your own selfish attitude. You keep framing this like you're doing your girlfriend a favor by keeping it from her. Cut the crap. You're not doing her a favor, you're doing yourself a favor and using her to justify it. You don't want to tell her because you don't want to ruin things for yourself, not out of any noble sense of wanting to protect her feelings. You only want to protect her feelings because of what she might do to you if she finds out. You don't want to take the chance that she might dump you. If you cared about her feelings or respected her as an individual and respected her agency and her ability to make choices for her own life, you would tell her and let her decide how she wants to use that information. But you aren't doing that, which is unfair to her. She deserves to make an informed choice about who she dates and potentially spends the rest of her life with. You may have stopped molesting women, but the way this thread reads is indicative of a selfish, self-centered individual who sees other people as objects for his own gratification.",,"I'm doing both of us a favor. If she knew, all that would do is destroy the relationship. I don't want that and neither would she. Why bring up the past if it isn't important or relevant? It isn't necessary at all for her to know. Are you saying I should tell every single woman that I get serious with, that I used to sexually assault women? What good would that do? Maybe I am being a bit selfish, but I see no harm with that. I'm protecting myself, as well as her. She doesn't need to know and if she knew, it would break her heart. Why should I destroy a relationship with information from the past that is no longer relevant nor important?",,
s085,strawman,t3_1o8avl,Outofmany,The problem is that we have a bunch of pedophiles that feel their preferences are also pretty innate. Yet under no circumstances does this argument apply to them.,,I don't see your point? Are you saying pedophiles have a choice? That they are not innate attracted to children? When did you choice not to be attracted to children?,,
s086,strawman,t3_2u2fpm,zallen1868,"I would argue that the best time to be alive (at least in the US) was to be coming into adulthood and living your adult life from 1960 to 1980. Here's why: - The middle class was at its absolute strongest. You could have a high school education and easily raise 2, 3, even 4 kids on a single salary. You got Christmas bonuses at work and could afford to take a vacation with the kids every year. Pensions/retirement were a given. Healthcare was affordable. - In 1960, the birth control pill was released for the first time. In the early 1980's, the AIDS epidemic started. Those 20 years were the best time to have rampant promiscuous sex with multiple anonymous partners in a consequence free environment (to borrow from Austin Powers). - Music/movies were at their best. Everything we call ""classic rock"" today was just ""music"" back then. Concerts were affordable and awesome. Movies were actually original and not remakes of sequels of rehashes of reboots.",,"Well there was also the Cold War going on, as well as the Vietnam and Korean wars. Living in fear of nuclear attack, a world divided in two, and ideological extremism does not seem like a good place to live. What? Are you saying that unwanted pregnancies and STDs didn't exist in the 1960's? Just because knowledge of STDs and AIDS was limited does not mean that they didn't exist. That's just your opinion. Movies and music today are still good.",,
s087,strawman,t3_2zow2m,whattheactualskrr,"Hello community, I feel like I'm in a bit of an emotional pinch at the moment. I'm 19, male and haven't had a girlfriend yet, and that seems to be allowing some weird views to sprout. I feel like I need a girl who hasn't had sex or a boyfriend before, ever. Why? Because I feel it'd tell me a lot about her character. That I'll be truly special to her (the *first one to get into her heart* or something), that she probably won't cheat on me, that I'm not some kind of thing she stooped down to after having fun with guys ""better"" than me. Also, if she's had partners before, there'd be so much competition I'd have to outclass that I'd be completely overwhelmed. Also, slut-shaming - I see it being heavily attacked everywhere, and I totally get that, but in what way is that admittedly kinda fishy ""bad lock, master key"" analogy wrong? I feel women have the upper hand in the dating game, so there must exist some sort of penalty for them getting free sex/relationships so the game is fair again. I feel that I, as a guy, have to work so hard at approaching, becoming more sociable, constantly bettering myself and all that bla, while for girls, it just happens. Also, I have many friends, many of them have less fashion sense or social tact than I do, who just *get* their wonderful virgin girlfriends. So I can kinda see that my views must be faulty somewhere, but I don't know where to start to deconstruct them. Okay, long story short, I ask of you kindly: help me CMV!",,"Because sex isn't some kind of lock you have to force open. It's (ideally) a mutually beneficial activity between two or more consenting partners. If you're saying that vaginas are locks and penises are keys then you're demeaning women. Why are women the locks? And what's male-male/female-female sex in that case? Two keys? Two locks? The analogy is ridiculous and offensive. Surely for this analogy to work, everyone is a lock **and** a key and even then the analogy tells you nothing. This would apply to conventionally attractive, successful and sociable types of either gender. When they're heterosexual, they're often the ones having sex with eachother. How do you think ""sluts"" find so many sexual partners if there aren't other people who are good at ""getting sex""? If you're looking for a girlfriend in this way, you're going to have a bad time. A girlfriend is a person, just like you. She has feelings, wants and needs. If you find ""your wonderful virgin girlfriend"" you're unlikely to treat her accordingly because she's not a person to you. She's a reward or an asset. If you really want a meaningful relationship, get a meaningful relationship, for your sake and hers. Don't look for the ""perfect woman"" because if you don't imagine her complexly (as a person, rather than an idealised construct) you'll have a bad time before long (and I've been there)",,
s088,strawman,t3_1iw2um,Hayleyk,"You don't travel much, do you? Bad neighbourhoods are bad because people don't care about protecting the people who live there. It's a cycle, and your logic perpetuates it. Remember Anton Dodson? ""They be raping everybody in the projects."" And yeah, I am encouraging the ""bad behaviour"". Living in an affordable neighbourhood should be encouraged. Walking instead of driving is good for the environment. Increased mobility for women expands job choices. People go to parties and bars to meet people and network, and dressing for that environment is a good thing. Many late night jobs expect women to dress sexy. Expecting them to bring extra clothes decreases mobility (see above).",,So you are saying that even if something increasing your risk factor of being a victim of a crime. You should continue to do that because it is more convenient?,,
s089,strawman,t3_1e0dd7,Occidentalist,"Predictably, you cannot cite even one material circumstance. According to Sir Arthur Bryant the British court historian (Unfinished Victory (1940 pp. 136-144): Jews also comprised the largest faction in the security services of the Soviet Union. They had already perpetrated a genocide in the Ukraine. The Soviet Union clearly had an expansionist agenda and posed a real threat to the security of the German volk.",,"So where are you going with this in respect to the OP? Also, what exactly are you saying about the Jews? They deserved it? They brought it upon themselves? You just cited a quote, I'm not sure what your views are. I'd like to know.",,
s090,strawman,t3_2fwq1i,FrancisGalloway,"Actually, that wouldn't really be a criminal offense at all. They took no direct action to injure anyone, only allowed someone to be injured/killed by their negligence. So they are at fault for the damages, and when their negligence harms someone it is their responsibility to ""make them whole."" For injuries, this means paying any associated expenses (medical bills, income loss, etc.). For death, it's a bit more complicated, but basically the family is compensated for the loss of their loved one with a ""reasonable"" payment. The vast majority of legal debates boil down to what the word ""reasonable"" means. So the company committed a civil offense, not a crime, and even if you treat them *exactly* like a person they would not be a criminal.",,"So you're saying if there was a basket of babies, puppies and kittens tied to a train track and there's a switch that diverts a path of an oncoming train to a clear track...and the guy in charge of the switch is paid money by the CEO of the train company to not change the course of the train that neither the CEO or the switch operator is guilty of any crimes or their behavior is defined as sociopathic?",,
s091,strawman,t3_1qi1dr,kethinov,"That's pretty nitpicky. The payroll tax (which is what funds Social Security specifically) is money out your paycheck just like the income tax. The details don't matter. What matters is if you want it to be sustainable, you raise the program's revenue.",,"Are you saying the payroll tax should increase, or that income tax revenue should be allocated to the program for the first time in its history?",,
s092,strawman,t3_27l0kn,FeloniousMonk94,"Well, as I stated in my OP, I don't think the distinction really exists, but it's more of a convention. I think when people hear ""hard science"", they think of particle accelerators, people in lab coats with safety goggles, and any deviation therefrom as being ""soft science"". I don't think the so-called soft sciences run contra to purely mechanistic and deterministic accounts of processes in the world. As I said to another commenter, one could understand the function of a computer program at a hardware level *in principle*, but a lot of the time it is much easier and more useful to resort to an abstract system, like a high-level programming language to understand how programs work. Sure, there are accounts of how a program works at the level of the electron, and that's ""harder"" for sure, but it isn't very useful or worthwhile. I mean to analogise physics with hardware, and programming languages with (cognitive) psychological science.",,"Hardware enables us to build software. In your analogy software design is not a hard science because we aren't doing research into software design. It is more of a creative thing with math behind it. Building Microsoft Word is not a hard science. We are not doing research when we build something in software. We are applying what we can do with hardware but we are taking the hardware for granted and using it to build something creatively. Physics, math, chemistry and biology enable us to study psychological science. PsychSci is not a hard science ever because we are taking our hard sciences for granted and using them to creatively make observations of psychology. If you are going to say that software design is a hard science because hardware is a hard science, then you are saying that psychology is a hard science because you need a solid understanding of all physics, chemistry, biology, and math that works behind the scenes.",,
s093,strawman,t3_20ccdh,DasBearJude,"This is a false comparison. You knocked on my door, an act which is not illegal and inherently unviolent. If I didn't answer and you took it upon yourself to break into my house looking for me then yes, I'd have the right to shoot you. Also, I should clarify, I do not believe you have the right to shoot someone who is simply on your property. I only believe you have the right to employ lethal force when they unlawfully enter your residence.",,Me being on your property without your permission is illegal. This is called trespassing. Are you saying that burglars wouldn't knock on your door then bust into your home upon you opening it? So if I decided to break into your garage and steal things from there instead of your home would you not have a right to kill me? What differentiates the two?,,
s094,strawman,t3_1ki1zh,KRosen333,"mmm.. yeah it's a form of mental retardation. Atleast that is how the comments are implying it. If you are trying to shame me for using the word retard, please don't - I know exactly what the word means. Well sure, physically, but that isn't to say that means that men are these massive hulking beasts. They can be, but most men aren't. Most men, if they are stronger than their female counterparts, are going to be only ever so slightly stronger - not the 'one hit and the girl turns into a bag of blood and bones' that people portray them as. .... that is what it sounds like, but obviously you asking this implies that is not the case? mmm... i get the feeling you are being antagonistic to me. the equality we were promised is not true equality. that is the issue we have. the context is there, in my words. I grew up thinking both genders were equal, and I treated (atleast try hard as hell) to treat everyone fairly. Yet I see both genders being treated pretty poorly, with only one gender having anybody say anything about it. That is what I mean. YES! Men are overwhelmingly the victims of violence. Would you consider it to not count if a man hurt another man? Victims of violence shouldn't be in a race to be seen as more 'victimized' you know.",,"I don't think you do. ADD and dyslexia are types of learning difficulties --neither is a form of mental retardation. I'm not sure what point you're making. I said men tend to be stronger than women, therefore women usually have more to fear from a physical confrontation with men than men do from confrontations with women. Men don't have to be immensely stronger than women for that to be true. If it was a fight between two men, it would still be true -- the weaker man would have more to lose from a violent confrontation. Exactly. I think that man acted rationally -- what prompted this post was the commenters in that thread who could not have been more pleased about that video, plus the fact that the video made it to the front page in the first place. I think both those facts say something about the way reddit, as a community, tends to feel. This statement makes it sound like you take issue with the idea of equality. This is laughably misinformed. Men can be victims of violence as much as women can, to be sure -- but you seem to be saying that men as a gender suffer more from gender-related violence than women do. While these things are obviously difficult to quantify, I think you'd find your proposition very hard to support, *especially* when we speak about global violence against women (rather than just in the first world).",,
s095,strawman,t3_1pyt0c,serenidade,"When something goes wrong with nuclear energy, be it a meltdown, natural disaster, or leaking storage container, it is very likely to be covered up and downplayed in the media. We have seen this time and time again, despite the negative effects of these sorts of rare disasters. I cannot, therefore, trust the same government to set a good definition of what is ""safe,"" because they have proven themselves to be poor stewards of the public good in this arena. I live downriver from a rather large nuclear storage facility. Currently, there are containers there that ""may"" be leaking, and which ""may"" be building up dangerous levels of hydrogen. Yet I am told there is no concern, no reason to be worried. Does this make any kind of sense?",,Are you saying background radiation *isn't* safe? My experience has been the exact opposite. The last nuclear disaster will cause 0 to 100 deaths total (estimates vary) and has received way more press and hysteria than is appropriate. [Nuclear power has actually saved 1.8 million lives](http://cen.acs.org/articles/91/web/2013/04/Nuclear-Power-Prevents-Deaths-Causes.html). You should be creating a thread about the safety of pollution from coal power plants. Who is making those claims about the containers?,,
s096,strawman,t3_3i7k0u,oh_no_not_canola_oil,"I have never seen any benifit to private school. The only thing it does is creates social inequality from the start. The kids who go to private schools are usually rich white kids that already have a socioenconomic advantage. I was a regular upper-middle class guy who went to public school. I loved it. My school was great. We went on fun field trips, and even a trip to Europe. Homeschooling your kid is just insurance that he/she will be socially awkward, and disadvantaged. Lots of homeschooling involves religious indoctrination, and very one-sided opinions. In public school you are exposed to many different views, opinions, and types of people. These problems would be solved if everyone had to go to public school. Everyone would have an equal education, and equal opportunity. _____",,"So you're saying that I should not be allowed to raise my children the way I see fit because if I do then my kids will be better off than the kids who are raised in government institutions? Back when I read Harrison Bergeron (in a public school, even!) I never thought I would encounter anyone arguing in favor if it, but here we are.",,
s097,strawman,t3_2xd5sv,MIBPJ,Well that's pretty much the exact argument I am saying doesn't hold much weight.,,"So you're saying there is a 1 in 1 trillion chance that a planet has life (I understand that's just an estimation on your part). So let's break this down: * Estimated stars in the observable universe: one hundred octillion (a 1 with 29 zeros) * For the sake of calculation, let's assume that even though a star can have multiple planets, it only has the chance to have one instance of life (sort of like our solar system), so 1 star = 1 chance of life. This also somewhat mitigates that fact that many stars likely have no planets, some have more than our solar system, etc. * So, by your logic of 1/1 trillion, there would be: 100 octillion/1 trillion = 100 quadrillion (1 with 17 zeros) instances of life in the universe. *One hundred million billion instances of life* even at your very conservative estimate of 1 chance of life per 1 trillion planets. I think you are severely underestimating the size of the universe. This is also not taking into account that it's very likely that there are forms of life that we can't even imagine. As I mentioned elsewhere in this post, what if there are sentient clouds of metallic hydrogen that wander among the vast and empty space in between galaxies? If there are 100 octillion planets in the universe, imagine how much empty space there is for a wandering life form or something like that?",,
s098,strawman,t3_24io3e,nmhunate,"I am a Pro-Choice person. I believe that there exists a certain privacy in the doctors office that a judge or a police officer cannot go to ban any procedure that happens there... However, I think that banning abortion will be a pointless exercise whose only affect will be to harm the women who still get abortions. Currently we should be thankful that we live in a age that women can get safe and effective abortions with minimal damage. I think that if tomorrow an abortion ban were affected, that by the end of the day there will be just as many abortion clinics, but they will all move undergound. And these underground abortions *will* harm women, because they are operating below the law and there would be people who aren't even trained in the medical field preforming these procedures. I think an abortion ban would do nothing to address the demand for abortions. If we look at this from a market POV... there is a demand for 1.2 million abortion in the USA each year. Limiting the supply, will only drive up the price of the service... it does nothing to lower the fundamental demand for the service. Since when does banning a product or service lower the demand for it? Or even lower the ease to receive it? It is currently 9:30 pm on a thursday night... I know where I can get a prostitute in an hour. I know where I can get Marijuana in an hour. I don't know where to get cocaine or heroine, right now... but I bet if asked, I can get some by midnight. We had a constitutional amendment to ban alcohol... that did nothing to stop people from getting alcohol. I don't think that banning abortion will stop abortions. CMV _____",,Are you saying we should legalize prostitution along with all major drugs? Should we just legalize everything since it won't stop some people from getting what they want?,,
s099,strawman,t3_2cotfm,Blueowl789,"A drunk driver is not evil on any level. I would assume in a majority of circumstances a drunk driver has no desire to kill anyone - so even one that would muse the legitimacy of the word evil would probably not label a drunk driver as such. The ""why"" is *absolutely* necessary when evaluating one's actions on a moral level. Well, of course I am defending the position that the ""evil"" label is illegitimate as a whole... But to humor your question with an example... If a man slaughters a family... it is easy to call this person evil on the surface. If the man had a terrible car accident 5 years before... and it materializes in him becoming suddenly very mentally ill and violent... while it makes his actions no less right or easy to deal with... it may effect ones judgement on calling him ""evil"". Additionally, (though quite a bit bit more far-fetched)... lets say the family were the sole carriers of a terrible plague that could wrought havoc on the population. This man was the only person with this knowledge and had no proof because he had to completely destroy the bodies. It is easy to see this person as evil from the outside looking in. My examples may be a bit lacking, but I hope you get the gist of what I am trying to convey. This is still the definition of a very abstract concept, and I am defending the position that the concept as a whole is inadequate in representing a person or their actions.",,"Perhaps I was unclear, I wasn't saying the drunk driver's actions were evil. I was saying they were immoral. Morality isn't just ""evil"" and ""not evil."" That drunk driver's actions are *morally wrong* regardless of the why, making the why not absolutely necessary when evaluating actions on a moral level. I'm not saying that the why must always be discounted or that it never matters, rather I am positing that there are some actions so immoral that they can be considered evil without regarding the why. We might reevaluate in light of new information, sure, but I can't see any kind of justification for attempted genocide that would make me think I needed to not use the evil label. Morality itself is an abstract concept, and unless you're saying that we can't evaluate any actions on a moral level at all I don't see any issue with the word evil describing something ""very immoral."" It's always going to be somewhat subjective and arbitrary (unless you believe in absolute morality).",,
s100,strawman,t3_2ggeie,1tepa1,"There is nothing wrong with my hearing, I can hear music as well as you but it just does nothing to me. Music as a part of a movie or video is fine, but by itself I can't stand it. I just prefer silence. I even find it hard to concentrate if there is music playing. I have friends who like music very much and they force me to listen to it and I have tried almost all kinds of music but I just don't feel it. There is one exception to the rule. If I have associated a piece of music to an emotion for example through a film that I really enjoyed it can bring me back memories from the movie. But if I hadn't seen the movie then the music would do nothing to me.",,Are you saying you don't like sitting down to listen to music or you don't like putting on music while you do something else? Have you ever been to a live show?,,
