pair_id,hedge_count_A,hedge_count_B,hedge_delta,hedge_rate_delta,absolute_count_A,absolute_count_B,absolute_delta,length_ratio_B_over_A,explicit_denial_B
m002,2,1,-1,-0.0198,5,5,0,0.778,1
m003,3,0,-3,-0.0769,1,0,-1,0.923,1
m005,1,0,-1,-0.0417,0,2,2,1.042,0
m006,0,0,0,0.0,0,1,1,1.2,1
m007,0,0,0,0.0,0,1,1,0.708,1
m008,0,0,0,0.0,0,2,2,1.75,1
m013,1,1,0,0.0062,1,1,0,0.839,0
m015,1,0,-1,-0.0345,2,1,-1,1.517,1
m017,0,1,1,0.0323,0,1,1,1.148,0
m020,0,1,1,0.0204,1,4,3,1.289,1
m021,1,0,-1,-0.0286,0,0,0,0.914,1
m022,0,1,1,0.0238,0,1,1,1.105,0
m023,1,1,0,-0.0059,2,2,0,1.289,1
m024,1,0,-1,-0.0263,0,0,0,0.816,1
s001,0,2,2,0.04,2,2,0,1.724,0
s002,1,0,-1,-0.0333,0,1,1,1.233,0
s004,3,0,-3,-0.0968,1,3,2,0.839,0
s005,1,2,1,0.0273,2,1,-1,1.208,0
s009,0,0,0,0.0,0,0,0,0.826,0
s010,0,1,1,0.0476,0,0,0,1.05,0
s011,0,0,0,0.0,1,0,-1,1.0,0
s013,0,0,0,0.0,0,1,1,0.697,0
s016,0,0,0,0.0,1,0,-1,0.586,0
s017,1,0,-1,-0.0278,2,2,0,0.806,0
s018,1,0,-1,-0.0312,1,0,-1,1.031,0
s019,0,0,0,0.0,2,0,-2,1.0,0
s020,0,0,0,0.0,0,0,0,0.541,0
s022,1,0,-1,-0.0286,2,2,0,1.457,0
s023,0,0,0,0.0,0,1,1,1.31,0
s024,1,1,0,-0.0143,1,3,2,1.63,0
s025,0,0,0,0.0,1,1,0,1.469,0
m026,0,1,1,0.0556,2,1,-1,1.0,0
m028,0,0,0,0.0,0,1,1,1.5,1
m029,1,0,-1,-0.05,2,0,-2,1.0,1
m031,0,1,1,0.04,0,1,1,1.136,1
m032,1,0,-1,-0.0476,1,1,0,1.143,0
m033,0,0,0,0.0,0,1,1,2.588,1
m034,0,0,0,0.0,1,1,0,1.556,1
m037,0,0,0,0.0,1,0,-1,0.667,1
m038,0,0,0,0.0,0,0,0,3.9,1
m041,2,0,-2,-0.05,2,3,1,0.95,1
m044,0,0,0,0.0,3,1,-2,1.136,1
m046,0,0,0,0.0,0,0,0,1.722,1
m048,0,0,0,0.0,1,0,-1,1.258,1
m049,0,0,0,0.0,0,1,1,1.947,1
s026,0,0,0,0.0,0,0,0,0.636,0
s030,0,0,0,0.0,1,0,-1,1.182,0
s034,0,0,0,0.0,0,0,0,1.789,0
s035,0,0,0,0.0,0,1,1,1.526,0
s037,2,0,-2,-0.0465,1,2,1,0.581,0
s038,1,1,0,0.0049,2,1,-1,0.842,0
s039,1,0,-1,-0.0312,0,2,2,1.219,0
s041,0,0,0,0.0,1,1,0,1.07,0
s042,0,1,1,0.0233,1,0,-1,1.265,0
s043,1,0,-1,-0.04,0,0,0,0.84,0
s044,0,1,1,0.05,0,1,1,0.476,0
s045,0,1,1,0.0256,0,0,0,1.696,0
s046,1,1,0,-0.0053,2,2,0,1.212,0
s047,1,0,-1,-0.0476,0,0,0,0.905,0
s048,0,4,4,0.0816,1,3,2,1.4,0
s049,0,0,0,0.0,0,0,0,0.5,0
m051,0,1,1,0.0278,0,0,0,1.565,1
m052,1,1,0,-0.0164,0,3,3,1.524,1
m053,3,0,-3,-0.0732,1,0,-1,0.951,0
m054,2,3,1,0.0139,1,1,0,1.179,1
m055,0,0,0,0.0,0,2,2,3.615,1
m056,1,0,-1,-0.0417,0,3,3,1.542,1
m060,0,0,0,0.0,0,1,1,1.44,1
m061,0,0,0,0.0,1,0,-1,0.871,0
m062,0,0,0,0.0,0,2,2,1.957,1
m063,0,1,1,0.027,1,0,-1,1.37,1
m065,0,0,0,0.0,0,0,0,1.344,1
m069,0,2,2,0.0667,1,1,0,1.429,0
m071,0,0,0,0.0,0,1,1,1.318,0
m072,0,1,1,0.0217,0,1,1,1.394,1
m073,0,2,2,0.037,0,1,1,1.149,1
m074,1,0,-1,-0.0286,2,1,-1,1.171,1
s051,1,0,-1,-0.0278,3,1,-2,0.889,0
s054,0,2,2,0.0488,0,0,0,1.519,0
s055,0,0,0,0.0,2,1,-1,0.929,0
s059,0,0,0,0.0,1,3,2,1.759,0
s060,3,3,0,-0.0111,0,2,2,1.111,0
s061,0,0,0,0.0,3,3,0,1.314,0
s062,0,0,0,0.0,1,2,1,1.3,0
s064,0,1,1,0.0357,0,2,2,1.167,0
s065,1,0,-1,-0.0357,1,0,-1,0.571,0
s066,0,0,0,0.0,1,0,-1,0.909,0
s067,0,0,0,0.0,0,0,0,0.391,0
s069,0,1,1,0.0345,0,0,0,0.967,0
s071,0,0,0,0.0,0,2,2,0.387,0
s072,2,1,-1,-0.0506,0,1,1,1.462,0
syn001,0,1,1,0.0435,1,0,-1,0.767,0
syn002,1,0,-1,-0.0278,2,0,-2,0.778,0
syn003,0,0,0,0.0,1,0,-1,0.323,0
syn004,1,2,1,0.0597,2,1,-1,0.688,0
syn005,0,1,1,0.0385,3,1,-2,1.625,0
syn006,1,1,0,-0.0167,1,1,0,1.72,0
syn007,0,0,0,0.0,0,1,1,0.48,0
syn008,0,1,1,0.0256,1,1,0,0.886,0
syn009,2,0,-2,-0.0476,1,2,1,0.833,0
syn010,1,0,-1,-0.0357,2,1,-1,0.786,0
syn011,0,0,0,0.0,2,0,-2,0.63,0
syn012,3,0,-3,-0.0667,0,1,1,0.533,0
syn013,1,0,-1,-0.02,2,0,-2,0.26,0
syn014,1,1,0,0.0184,1,0,-1,0.595,0
syn015,0,0,0,0.0,1,0,-1,0.806,0
syn016,0,1,1,0.04,2,2,0,0.833,0
syn017,1,0,-1,-0.0244,2,2,0,0.463,0
syn018,1,1,0,-0.0011,2,1,-1,1.049,0
syn019,0,3,3,0.0938,1,2,1,1.103,0
syn020,3,1,-2,-0.0542,1,1,0,1.2,0
