pair_id,type_candidate,conversation_id,claim_A,challenge,claim_B,label,source,source_file
m002,motte_bailey,t3_2emkns,"Medical records are technically private, but in practice they're shared with everyone at the doctor's office, future providers, insurers, and possibly employers -- HIPAA doesn't really protect this well, especially for something sensitive like being transgender.",Your employer has no legal access to your medical history without permission. There's nothing wrong with other doctors reading your file if they need it. Being paranoid isn't a good reason to withhold information from medical staff.,I never said you should withhold everything from all medical staff -- but sharing something like my trans status with my dentist specifically is reasonable to keep private.,MOTTE_BAILEY,reddit_cmv,annotated_batch_1_to_label.csv
m003,motte_bailey,t3_2ps2mr,"Rap is mostly meaningless filler words and is much easier to perform than singing -- I could learn to rap all of Eminem's 'Rap God' in a couple of days, but rappers couldn't learn to sing an Aerosmith song.","Every genre of music has a wide range of quality, hip-hop is no exception; writing/performing music well is hard regardless of genre, have some perspective.","I didn't say no rap is good or difficult, and I'm not claiming to be a great musician. I'm just saying rap is easier to perform than singing, because it's about rhythm, not hitting exact notes.",MOTTE_BAILEY,reddit_cmv,annotated_batch_1_to_label.csv
m005,motte_bailey,t3_20fig7,"We could replace fixed minimum wage with a bidding-style system where you propose your own salary above a floor, risking your job if undercut.","This removes flexibility from workers without adding benefit -- you can't move up in pay whenever you want, and the risk of losing a big chunk of income is severe.","(delta given) Removing flexibility is a real downside. What I meant by 'tiered' was different minimum floors depending on profession/age/experience, not one single all-or-nothing threshold.",MOTTE_BAILEY,reddit_cmv,annotated_batch_1_to_label.csv
m006,motte_bailey,t3_22a37m,Letting teenagers make their own decisions and face consequences (i.e. 'pretend to be adults') is important for brain development; being overprotective stunts an entire generation.,"Behaving like an adult isn't what develops the brain -- brain development is a biological process, not something driven by how teens act.",I'm not saying their brains develop faster because of the challenges they face -- I just mean they won't be mature (in the sense of taking responsibility) without facing them.,MOTTE_BAILEY,reddit_cmv,annotated_batch_1_to_label.csv
m007,motte_bailey,t3_24svid,"First-cousin marriage is easier to defend than closer incest, though people resist it due to fear of genetic problems ('mad kings') and grooming concerns.","If your reasoning against incest is genetic risk, you'd logically also have to restrict marriage for anyone with hereditary diseases, and allow incestuous marriages that don't produce children -- so the 'mad kings' argument doesn't hold up consistently.",I didn't say I personally argued that position -- just that it would be argued (by others).,MOTTE_BAILEY,reddit_cmv,annotated_batch_1_to_label.csv
m008,motte_bailey,t3_2c1r9q,"Wait, so even agnosticism doesn't seem like a reasonable position to you?","I already said I meant only in this specific situation (the one OP proposed), where agnosticism would mean passively accepting harm from Satan.","I'm not saying this is what actually happened -- I'm just saying, hypothetically, you can't know for sure whether it did.",NONE,reddit_cmv,annotated_batch_1_to_label.csv
m013,motte_bailey,t3_335imf,"If there's a heaven, some of the world's suffering isn't necessarily bad, since it stems from free will or ordinary parts of life that God allows without turning people into puppets.","By your logic (God should stop evil people), why doesn't he just kill all the evil people right now instead of methods like the flood?","What I meant is: if he did it before (the flood), why doesn't he just kill all the evil people now, instead of some other method?",NONE,reddit_cmv,annotated_batch_1_to_label.csv
m015,motte_bailey,t3_2xhx6v,Using 'gay' as an insult is offensive even if it's technically 'divorced from its original meaning' -- same logic as calling someone a slur derived from an unrelated word.,"The word 'bad' used to derogatorily mean 'feminine man' historically, and we don't consider using 'bad' offensive now -- so why is 'gay' different?","I'm not saying we should never use 'gay' again -- just that we shouldn't use it as an insult. Unlike 'bad', 'gay' is currently, actively used both to mean 'homosexual' and 'stupid' at the same time, which is what makes it insulting right now.",MOTTE_BAILEY,reddit_cmv,annotated_batch_1_to_label.csv
m017,motte_bailey,t3_2osnqc,Talking about race isn't the same as talking about prejudice/discrimination -- e.g. pointing out unequal sentencing by race is different from claiming your race excuses your actions.,"You're just splitting hairs on terminology -- colloquially, 'racism' already refers to race-motivated prejudice and discrimination, so the distinction doesn't hold.",I think giving race-targeted awards/grants can actually encourage racism by making other groups feel excluded -- so I still don't think talking about race is the same as talking about prejudice/discrimination.,NONE,reddit_cmv,annotated_batch_1_to_label.csv
m020,motte_bailey,t3_254zub,"The public needs to know a company is becoming an abusive monopoly before it happens, and without government involvement there's no obligation to inform people; also, what if a company only turns abusive after already gaining monopoly power?","Competitors and journalists already have an incentive to expose abusive companies (and already do); government can lie too; an abusive monopoly creates demand for alternatives, which undermines itself.","I'm not saying that's wrong, but the free-market promise that information + rational spending fixes everything rarely holds in practice -- even when info leaks (e.g. child-labor chocolate) it often has no effect, especially when the monopoly itself blocks new competition from forming (e.g. owning the only cable lines).",MOTTE_BAILEY,reddit_cmv,annotated_batch_1_to_label.csv
m021,motte_bailey,t3_235swt,The wealthy have some obligation to fund healthcare (ACA) through taxes; the usual counterargument treats people's right to their own money as outweighing others' need for healthcare -- is there a principle that justifies that?,"The real problem isn't that government lacks money, it's that government spends money badly with unintended consequences.","That's a different line of reasoning than the one I'm addressing -- I'm not saying it's valid or invalid, just that it's outside the scope of the specific view I posted about.",NONE,reddit_cmv,annotated_batch_1_to_label.csv
m022,motte_bailey,t3_1e7dc0,There's a difference between 'I wouldn't choose to have a gay child' (wanting to protect them from prejudice) and 'I don't care if my child is gay' -- it's natural to want to protect a child from hardship.,"So are you saying it's not actually bad to feel that way, that I'm reading too much negativity into it? What do you mean I need to change *why* I feel this way?",It matters why you feel that way -- there's a difference between not wanting a gay child because you're a homophobe versus because of the real-world difficulties involved. Personally I think 'can't relate to your child dating-wise' is a bad reason though.,NONE,reddit_cmv,annotated_batch_1_to_label.csv
m023,motte_bailey,t3_2w4u2j,"Vaccines can, very rarely, cause serious harm or death in immunocompromised or allergic individuals, but that isn't a reason to avoid vaccinating generally -- you're more likely to die on the 5-minute car ride to the doctor's office.","[Demands evidence vaccines cause harm, argues vaccination should be mandatory for young children, lists specific childhood vaccines.]","I'm not the person who made the original top-level comment, and I'm not defending it. I'm not saying parents shouldn't vaccinate except where medically contraindicated (rare) -- I was being a bit pedantic, and I think the anti-anti-vax side hurts itself by not acknowledging the small real risks exist.",NONE,reddit_cmv,annotated_batch_1_to_label.csv
m024,motte_bailey,t3_2pnm9s,"A 20-year prison sentence isn't as bad as a life sentence -- Mandela is proof you can still change the world after 20 years; also, most drug dealers deal to get ahead (not survive), and many are violent.","Mandela is one example, not the rule; most drug dealers I've known dealt out of necessity (school, medicine, hunger), and weren't violent.","I'm not saying 20 years is great, just that it's preferable to a life sentence. [On drug dealers, doubles down rather than retreating: 'I don't buy any justification for selling drugs.']",MOTTE_BAILEY,reddit_cmv,annotated_batch_1_to_label.csv
s001,strawman,t3_2a9mfz,"Everyone implicitly agrees to a social contract by being a citizen (even by birth); if you don't like it, you're free to leave and forgo the benefits of citizenship.",,"So you're saying that just by being randomly born in a country, I owe it something? Nationality is arbitrary, nobody agreed to anything, and there's no right to force anyone based on a 'contract' that doesn't really exist -- forcing someone to leave/revoking citizenship for refusing conscription is essentially fascist.",NONE,reddit_cmv,annotated_batch_1_to_label.csv
s002,strawman,t3_31ocvw,"The death penalty isn't harsh enough for serious crimes -- a harsher penalty (e.g. life in solitary) might deter better, since death is 'an easy way out' for the offender.",,"You're saying life imprisonment is crueler than death -- but [cites Leopold and Loeb case where one was released years later and lived peacefully] -- so which is really crueler: permanent death, or a chance at redemption?",NONE,reddit_cmv,annotated_batch_1_to_label.csv
s004,strawman,t3_335imf,"It seems unjust that thousands of generations are eternally punished for something Adam and Eve did, not something they themselves did -- how is God just or merciful under that framing?",,"Are you saying you're perfect and don't sin? Everyone sins, that's why we all deserve hell without Jesus -- don't pretend you're innocent and deserve heaven.",STRAWMAN,reddit_cmv,annotated_batch_1_to_label.csv
s005,strawman,t3_1k2m9c,"Altruism doesn't really exist -- every good act is motivated by some personal gain, whether external (status, wealth) or internal (a 'warm fuzzy feeling').",,"Wait -- are you saying you never feel any warm fuzzy feeling from doing something nice for someone? If so, I don't think we can convince you of anything.",STRAWMAN,reddit_cmv,annotated_batch_1_to_label.csv
s009,strawman,t3_1hj6bs,"I avoid eating animals I consider intelligent -- fish/chicken/cow are fine, pig is not; just my personal view, not forcing it on anyone.",,Are you saying chickens aren't intelligent? By what standard -- human standards? [fish/tree analogy about relative intelligence across species],NONE,reddit_cmv,annotated_batch_1_to_label.csv
s010,strawman,t3_2544cj,"[Sarcastic remark mocking imperial units via a 'time travellers using stones and thumb-lengths' image, implying the imperial system is outdated/silly]",,"Oh, so you're saying it doesn't matter that the standard has changed a few times before landing where it is now?",STRAWMAN,reddit_cmv,annotated_batch_1_to_label.csv
s011,strawman,t3_3i7zju,[Extended allegory: a group's cultural creation ('a thing') gets taken/exploited by another group without credit or benefit to the originators -- framed as describing American cultural appropriation from Black/Native people],,"So what you're saying is either white people make money off of 'thing' or nobody does? Why should white people refrain -- it's not costing you anything, you're just annoyed.",STRAWMAN,reddit_cmv,annotated_batch_1_to_label.csv
s013,strawman,t3_2rk7my,"[Argument that 'driving is insanely risky' is invalid because it compares the real world (with cars) to a hypothetical world without cars; risk should be judged against real-world alternatives, not a hypothetical baseline]",,"[B's reply is A's exact same paragraph with every instance of 'car(s)' replaced by 'gun(s)', to make the analogous argument about gun risk]",STRAWMAN,reddit_cmv,annotated_batch_1_to_label.csv
s016,strawman,t3_2cwals,Consoles are affordable and plug-and-play for casual users; PC is only better if you know/care about PC hardware -- like buying a Nissan vs. building your own custom car.,,So are you saying PC would be superior for me if I had more patience and experience?,NONE,reddit_cmv,annotated_batch_1_to_label.csv
s017,strawman,t3_335imf,"If there's a heaven, some suffering isn't necessarily bad (free will, or ordinary hardships); if you blame God for the bad things, you'd logically also have to credit him for all the good/happiness in the world.",,"So you're saying if I'm responsible for not stopping every child rapist, but also responsible for every person finding a lucky penny, that makes me a net good person?",STRAWMAN,reddit_cmv,annotated_batch_1_to_label.csv
s018,strawman,t3_1u4fqn,"Yes, and it cuts down on trial costs -- people who can't be proven guilty could do physical labor or be freed; I don't have an opinion on the clear-video-evidence cases specifically.",,"Hold on -- you're saying even people accused but NOT proven guilty should be subject to physical labor? That's insane. You clearly had an opinion in your first reply, why the cop-out now?",NONE,reddit_cmv,annotated_batch_1_to_label.csv
s019,strawman,t3_2108o3,"A university isn't responsible for GIVING you an education, only for providing an environment where you can receive one -- students should choose schools based on what kind of education (research-focused vs. teaching-focused) they actually want.",,"If the university isn't giving me an education, where do I get it? Or are you saying university is like a gym -- you pay for membership and equipment, but no personal trainer? [BMW-vs-civic scam analogy]",STRAWMAN,reddit_cmv,annotated_batch_1_to_label.csv
s020,strawman,t3_2d45vn,"Racism is a structural, historical hierarchy, not a personal opinion -- black people need to fight the imposed hierarchy (black pride, civil rights movement), while white people (already dominant) should 'deny race' and adopt a post-racial identity.",,"So what you're saying is majority white people should drop their racial identity, but minority races should not. I disagree.",NONE,reddit_cmv,annotated_batch_1_to_label.csv
s022,strawman,t3_35mgfp,There's no 'correct' dialect under descriptivism -- Standard English has no special privileged status over AAVE or other dialects; only a sentence no speech community could parse at all is 'incorrect' in any meaningful sense.,,"Ah, I see where I misunderstood you -- I thought you meant dialects are judged against a standard, but you're saying a construction is only 'ungrammatical' relative to a specific dialect's own rules, not that one dialect is the master standard. [Football/hockey rules analogy] Have I understood you correctly this time?",NONE,reddit_cmv,annotated_batch_1_to_label.csv
s023,strawman,t3_2vrkd8,I'm not saying false rape accusations are as harmful as actual rape -- but there's a 'guilty until proven innocent' mindset toward accusers in public opinion that deserves attention.,,"Elsewhere you said this discussion has nothing to do with actual rape, but here you're saying false accusations are serious enough to affect how we listen to rape victims -- so this clearly does relate to actual rape.",NONE,reddit_cmv,annotated_batch_1_to_label.csv
s024,strawman,t3_217z08,I never said that. I was saying I provide valuable contributions to my company that the OP might miss out on if he excludes women from hiring.,,"Being a woman has nothing to do with your contributions -- so either you're saying only a woman could do what you did (which is sexist), or you're saying he'd specifically miss out on hiring YOU (but you weren't even applying) -- pick one.",STRAWMAN,reddit_cmv,annotated_batch_1_to_label.csv
s025,strawman,t3_2iht9m,"The only reason the restaurant's failure is so public is because of the show -- best case, you're just enjoying watching people get destroyed to the point of taking their own life.",,"I disagree -- the restaurant was already failing before the show, and the suicide likely stemmed from pre-existing depression tied to the failing business, not the show itself. Are you saying a show meant to help succeed is morally responsible for his suicide? I don't buy it.",NONE,reddit_cmv,annotated_batch_1_to_label.csv
m026,motte_bailey,t3_1l4s6s,Retarded' isn't the same as 'stupid' -- calling a non-developmentally-delayed person retarded likely just means you meant 'stupid'.,"Most people think of 'retarded' as meaning exceptionally/permanently stupid, so using them interchangeably as hyperbole is common, if technically incorrect.",I'm fully aware of how the word is used. All I'm saying is that usage is often incorrect.,NONE,reddit_cmv,annotated_batch_2_to_label.csv
m028,motte_bailey,t3_335imf,It's more noble to die for what you believe is right than to live in peace under a cruel tyrant.,"More noble, maybe, but I'd prefer peace.","I'm not saying I'd ask others to do it -- I'd want my loved ones to live in peace even if it meant them submitting. But personally, I'd still refuse.",MOTTE_BAILEY,reddit_cmv,annotated_batch_2_to_label.csv
m029,motte_bailey,t3_3c7bxx,"Utilitarianism is reasonable but shouldn't be followed completely/arbitrarily -- consequences are often unpredictable, and like all moral systems it's arbitrary.","If pleasure is intrinsically good and pain intrinsically bad, then goods/evils follow logically from that -- it's not arbitrary, it's consequentialist reasoning (negative utilitarianism).","You're defining 'good/bad' using 'good/bad' -- that's circular. I'm not saying it can't be effective, I'm just saying it's arbitrary.",NONE,reddit_cmv,annotated_batch_2_to_label.csv
m031,motte_bailey,t3_29dde1,Sweatshops out-competing artisanal labor is a separate issue from corrupt governments/sweatshop owners killing union leaders -- the two aren't the same thing.,Corrupt governments and businesses ARE linked (corrupt governments help businesses profit); weak international law means little risk of legal consequences for such killings.,"I didn't say there's no link at all, which is why you're confused. What I said was: sweatshops are not NECESSARILY products of government corruption.",MOTTE_BAILEY,reddit_cmv,annotated_batch_2_to_label.csv
m032,motte_bailey,t3_1o7gl3,"Existence itself can't be verified with certainty (simulation argument) -- we can only be sure 'something happened', not its deeper significance.","Even in a simulation you still exist (non-physically), and you can be sure your thoughts exist because you experience them.",You can't be sure 'experience' is real either -- this follows from the problem of induction meaning nothing can be known with 100% certainty.,NONE,reddit_cmv,annotated_batch_2_to_label.csv
m033,motte_bailey,t3_248s83,Birth control pills used for medical treatment should be considered separately from their use enabling recreational sex.,Why does the purpose matter? People have a right to protect themselves from STDs/pregnancy regardless of intent.,"I am NOT saying birth control is wrong, illegal, or that people shouldn't use it. All I'm saying is you have a right to choose to have sex and accept the consequences -- not a right to have sex without any fear of consequences.",MOTTE_BAILEY,reddit_cmv,annotated_batch_2_to_label.csv
m034,motte_bailey,t3_1xus3u,"There's no such thing as 'moral error' since morality is opinion -- the worst that can be said about any action, factually, is that it was 'inefficient'.","If murder isn't a 'moral error' to you, you must not have a problem with abortion, slavery, rape, or torture either. What does 'inefficient' even mean here?","I have strong personal opinions against those things -- I never said I don't have a problem with them. But no opinion, however strong, creates objective wrongness. This works both ways: the worst people in history believed they were doing objective good.",NONE,reddit_cmv,annotated_batch_2_to_label.csv
m037,motte_bailey,t3_30059g,A child will grow into an adult human; a dog will always be a dog. The child deserves the respect owed to a human.,Why are humans entitled to MORE respect than dogs?,"I didn't say more. Humans deserve respect appropriate to humans, dogs deserve respect appropriate to dogs.",NONE,reddit_cmv,annotated_batch_2_to_label.csv
m038,motte_bailey,t3_2r1qfw,Feminists are dishonest in how they use the term 'patriarchy'.,"How so? They're not lying about their definition -- similar to how 'homophobia' doesn't literally mean fear of homosexuals, but nobody calls that dishonest.","I'm not saying they're lying about their definition. I'm saying the definition itself is misleading and dishonest -- like how pro-lifers openly define abortion as 'child-killing', which is a misleading definition even though they're not lying about using it.",MOTTE_BAILEY,reddit_cmv,annotated_batch_2_to_label.csv
m041,motte_bailey,t3_1cfe17,"Free will doesn't justify letting people suffer/die -- why is a shooter's free will more important than victims' lives? Also some bad things (diseases, accidents) aren't from free will at all. Concludes: God couldn't exist because he wouldn't allow this.",Why not just accept you make your own decisions instead of blaming/crediting a 'fantastic being'? Use your own free will to fix things.,I never said I don't make my own decisions -- I said I don't believe in God. You really think the only reason I haven't cured cancer myself is that I can't 'accept I make my own decisions'?,NONE,reddit_cmv,annotated_batch_2_to_label.csv
m044,motte_bailey,t3_3cjime,I never said left-wingers are charitable or that they care -- I said they want government-run social safety nets funded by everyone.,Isn't that more selfish than personally giving your own money generously?,"I never said anything about selfish either. I'm talking about whether left-wingers are lazy people wanting handouts, or people who want shared contribution via government.",NONE,reddit_cmv,annotated_batch_2_to_label.csv
m046,motte_bailey,t3_1off27,"Exams are useful because they're economical of time and resources, unlike practical evaluations which require lots of staffing/logistics.","Your example (a practical exam) doesn't actually relate to the original question about WRITTEN exams, and 'easy to administer' is a weak justification -- we might be talking past each other.","I didn't say written exams are useful because they're easy to administer -- I said because they save time and money, which matters a lot given education operates like a business.",NONE,reddit_cmv,annotated_batch_2_to_label.csv
m048,motte_bailey,t3_1lfrfd,A claim's truth is independent of the claimant's credentials/competence (reductio: a 'retarded parrot' stating a true fact is still making a valid claim). Accuses the other of committing an appeal-to-authority fallacy.,"Incompetence/ill-education statistically correlates with false claims -- so credentials DO count as weak evidence, even if not proof.","Credentials don't give YOU information to draw a conclusion from. I'm not saying this means the claim is wrong -- I'm saying you don't have enough to conclude anything yet. Unproven claims should be ignored, not refuted or accepted.",NONE,reddit_cmv,annotated_batch_2_to_label.csv
m049,motte_bailey,t3_3cjime,"Political theory gets more nuanced when you study figures like Edmund Burke, the father of conservatism -- fascinating field.",Burke supported French aristocracy during the revolution and opposed abolishing the monarchy.,"Because he thought government was a useful, morally right tool to control the masses. I'm not saying that's a good idea -- I'd argue the opposite -- but his influence on conservative thought is still apparent today.",NONE,reddit_cmv,annotated_batch_2_to_label.csv
s026,strawman,t3_21ryne,"Current-gen Pokemon gym leaders are too easy to beat with just one decently-leveled Pokemon, unlike gen 1/2 which forced diverse team strategy.",,So are you saying the gyms of gen 1 and 2 are exceedingly difficult?,STRAWMAN,reddit_cmv,annotated_batch_2_to_label.csv
s030,strawman,t3_3exng6,"By 'we know how [the universe behaves]' I meant its behavior once already in motion, not what originally set it in motion.",,So are you one of the ones saying 'I don't know how this happened'? And are you saying that's the same as saying 'God did it'?,STRAWMAN,reddit_cmv,annotated_batch_2_to_label.csv
s034,strawman,t3_2giql7,[Questioning a compliment] What exactly makes my skin 'nice'? I have visible spider/varicose veins that don't show in pictures.,,"I don't know, it's clear. Are you saying I'm not in fact a man? Are you saying I don't in fact find you attractive? Is there a problem with the structure of my argument?",STRAWMAN,reddit_cmv,annotated_batch_2_to_label.csv
s035,strawman,t3_1l3115,"[Content warning: rape/victim-blaming] No, I'm just saying they don't deserve my sympathy [in a specific context about clothing choices].",,"[Extreme escalation, includes threats] So are you saying rapists should be allowed to rape people they judge as dressed 'too slutty'? ... you should be euthanized for your views.",STRAWMAN,reddit_cmv,annotated_batch_2_to_label.csv
s037,strawman,t3_1h4fc4,"Vigilante killing doesn't exempt someone from legal punishment. Whether he SHOULD be punished depends on whether you think vigilante killing is right -- I don't, so I think punishment is warranted, but if you think it's right, exemption would follow logically from that.",,"If you're saying he shouldn't be punished, you're contradicting your first three sentences. So should we vote nationally on the ethics of every criminal's actions?",STRAWMAN,reddit_cmv,annotated_batch_2_to_label.csv
s038,strawman,t3_2j196u,"[Content note: sexual violence] Only a tiny percentage of people (regardless of gender) have the psychological propensity to rape; that percentage will keep offending regardless of culture, so people looking for 'rape culture' evidence will always find some.",,"I think the majority of people are psychologically capable of rape under the right conditions (e.g. soldiers in wartime). If what you're saying is true, rape rates wouldn't be affected by culture.",NONE,reddit_cmv,annotated_batch_2_to_label.csv
s039,strawman,t3_25fjdx,"Public libraries mostly function as lending institutions/community spaces, not archives; objectionable content is available elsewhere and isn't in danger of being lost; taxpayer input on what a public library buys isn't censorship.",,"I was wrong that archiving is the only purpose. So are you saying libraries shouldn't have ANY objectionable content? Or is your issue specifically about visual depictions, or about what counts as literature? [lists possible alternate readings, invites correction]",NONE,reddit_cmv,annotated_batch_2_to_label.csv
s041,strawman,t3_2gy3lp,[Content note: abortion debate] A mother who chose to risk pregnancy shouldn't be able to 'undo' it; fetal awareness/independence shouldn't matter any more than it would for judging disabled people's right to live. Explicitly calls the 'parasite' framing of a fetus a strawman.,,"It sounds like you're saying the mother must be 'punished' with pregnancy. Why should a fetus's rights outweigh an actual person's will? [Later, explicitly admits:] 'You are correct in saying that it is a strawman argument, I was merely interested to see how you would respond.'",NONE,reddit_cmv,annotated_batch_2_to_label.csv
s042,strawman,t3_35ruv5,"[Content note: racism/oppression discussion] Racism requires a history of systemic power being used to oppress -- an oppressed group lacks the power to oppress systemically, so by that definition they can't be 'reverse racist'.",,Oppression and racism aren't the same thing -- a less powerful person can still be racist (e.g. hating a black president for his race). Are you saying that hating someone for their race isn't racist just because they hold more power than you?,NONE,reddit_cmv,annotated_batch_2_to_label.csv
s043,strawman,t3_1f3fkz,"Aptitude in math/physics and history/other subjects varies independently between individuals -- some people are strong in one and weak in the other, or vice versa.",,"I'm just trying to clarify -- are you saying people who are good at math/physics are NOT good at history, etc.?",STRAWMAN,reddit_cmv,annotated_batch_2_to_label.csv
s044,strawman,t3_3gdibt,"[Content note: WWII/atomic bomb discussion] It's not that using the bomb was 'unfair' exactly -- Japan likely wouldn't have accepted surrender terms requiring removal of the emperor's power, and it's uncertain whether continued peace efforts after the Soviet invasion would have worked.",,"It seems like you're saying 'killing people isn't justified' in general, rather than specifically that the atom bomb was unjustified.",STRAWMAN,reddit_cmv,annotated_batch_2_to_label.csv
s045,strawman,t3_245y6b,"Internet speeds are growing so fast that speed-based throttling will become a non-issue within 10-20 years, as the provider marketplace becomes more competitive.",,"It seems like what you're saying is: (1) you have faith the market will produce more competition, and (2) you have faith speeds will keep growing regardless. Why do you have this faith, given how expensive/high-barrier last-mile infrastructure is?",NONE,reddit_cmv,annotated_batch_2_to_label.csv
s046,strawman,t3_2pfatz,[Content note: terminology for Indigenous peoples] Terms like 'Indian' and 'Native American'/'American' are all colonially imposed and arguably disingenuous; Indigenous peoples should be referred to by actual tribal names or an alternative term.,,"Navajo and Indian/Native American aren't mutually exclusive -- they refer to different things (tribe vs. broader category). Term origins mostly don't matter unless people feel disrespected by them; if your logic held, 'American' would be equally offensive, which is silly.",NONE,reddit_cmv,annotated_batch_2_to_label.csv
s047,strawman,t3_20lgw6,[Hypothetical] A parent could end up loving an adopted child more than a biological child if the adopted child behaves better.,,Are you saying parental love isn't unconditional -- since in your example it's based on behavior? [Tangent about genetics/behavior.],STRAWMAN,reddit_cmv,annotated_batch_2_to_label.csv
s048,strawman,t3_1w91jl,"[reversed roles, content note: racism discussion] 'You are saying: I'm not racist, but another race's culture is inferior -- that's basically the definition of racist. Saying it politely or with big words doesn't change that.'",,"[dictionary definition of racism, 'ALL' is the operative word] I don't think black people are intrinsically inferior, but I think cultures that develop through oppression have some intrinsically inferior aspects. Maybe this is 'culturalist' rather than racist. You're not trying to change my view, you're just yelling at me.",NONE,reddit_cmv,annotated_batch_2_to_label.csv
s049,strawman,t3_2j196u,[Content note: sexual violence] You acknowledge rape victims get blamed/given unhelpful 'advice' after the fact -- that IS rape culture; look at how prostitutes' rape cases get treated.,,So your argument is that rape culture and victim blaming are the same thing?,NONE,reddit_cmv,annotated_batch_2_to_label.csv
m051,motte_bailey,t3_208uz9,Elections keep politicians' and voters' interests aligned; the alternative to messy democracy is worse -- authoritarian countries need violent revolutions to get change.,"Democratic change in the UK seems to only ever be for the worse; a compassionate monarch might do better than corrupt, self-interested elected politicians.","No, I don't think democracies cause as much harm as authoritarian regimes -- compare to Hitler, Stalin, Pol Pot, etc. I'm not saying democracy has no issues, I'm just saying it could be a lot worse.",MOTTE_BAILEY,reddit_cmv,annotated_batch_3_to_label.csv
m052,motte_bailey,t3_1kf4rs,"I fear society could collapse from climate change, infrastructure failure, or global war within my lifetime -- society is very fragile.",Where's the evidence? Society is historically resilient; every generation has had doomsayers who were proven wrong.,"I never said I was expecting the apocalypse, yet everyone who replied assumed I did! I think the odds of a major disruptive event are much higher than the 1% you'd suggest.",MOTTE_BAILEY,reddit_cmv,annotated_batch_3_to_label.csv
m053,motte_bailey,t3_1f9oa8,"Since a fetus is a person, the logic of the 'car crash/kidney donation' analogy implies a woman could be criminally liable for having an abortion, just as a driver could be liable for not donating a kidney to someone they injured.","You can never be criminally liable for refusing to donate a kidney -- liability in that scenario would be for causing the crash, not for withholding the organ.","Yes, I know that -- what I meant is you're liable for KILLING the person in the crash, not for failing to donate. The analogy is that abortion equals killing the fetus, not merely withholding bodily support from it.",NONE,reddit_cmv,annotated_batch_3_to_label.csv
m054,motte_bailey,t3_218cay,"[Content note: discussion of consent/rape] Consent isn't simply about whether an act is technically voluntary -- desires are often mixed, and pushing past someone's comfort without protest but without real consent is a genuine grey area worth taking seriously.","How would you punish someone who genuinely had no idea they'd committed rape? Intent usually doesn't excuse things, but this feels like it goes too far.","What matters is whether the victim actually wanted it -- there's a difference between someone who forces themselves on someone knowing they don't want it and someone who mistakenly believes they do, but I'm not saying those are the same thing, both are over the line.",NONE,reddit_cmv,annotated_batch_3_to_label.csv
m055,motte_bailey,t3_2iq68t,"Welfare isn't punitive or shameful -- it's a safety net, not a punishment.","If the policy goal is deliberately bare-minimum sustenance to motivate people to 'do better', that IS functioning as punitive/shameful.","You're assuming too much and putting words in my mouth -- I never said it's meant to intentionally restrict comfort. It's just not supposed to be so comfortable that it removes incentive to improve. It's meant to keep you alive/healthy, not maintain your prior standard of living.",NONE,reddit_cmv,annotated_batch_3_to_label.csv
m056,motte_bailey,t3_1wd6jq,"Even with perfect physics, no entity -- inside or outside a chaotic system -- could ever predict its behavior; unpredictability from outside undermines determinism.","Chaotic systems aren't necessarily random -- perfect knowledge of initial conditions would make everything predictable; imperfect knowledge is a problem from WITHIN the system, not from outside it, and the outside-unpredictability claim is unfalsifiable.","I never said chaotic systems are random. I'm only saying any imperfection in knowing initial conditions destroys predictability -- and 'perfectly' knowing them means sampling an exact real number, which is practically impossible for any outside observer.",MOTTE_BAILEY,reddit_cmv,annotated_batch_3_to_label.csv
m060,motte_bailey,t3_1fl5d8,"An unfalsifiable, unnecessary creator (illustrated via an 'invisible fairies holding up a plane' analogy) shouldn't be assumed to exist just because we can't disprove it.","It's not that a creator is 'necessary', it's a matter of taste; if such a deity exists it's outside science's reach; treating science itself as 'a belief' is a fundamental misunderstanding of the scientific method.","I never said nor implied science is a belief. Science, properly applied, leads to an atheistic or agnostic conclusion. My actual claim is that religious scientists don't honestly apply the scientific method to their OWN beliefs.",NONE,reddit_cmv,annotated_batch_3_to_label.csv
m061,motte_bailey,t3_2r07cv,"[Content note: transgender identity] Birth defects are identifiable biological/developmental errors; being transgender is a choice to alter a body that isn't biologically 'wrong', so comparing the two is inaccurate and insensitive.","As a trans person: transitioning may be a choice, but being trans itself isn't -- it's thought to have biological origins, and trans people don't transition 'for kicks'.","I apologize if I was unclear -- what I meant by 'choice' is that undergoing surgery is a choice, not that the underlying feelings/identity are a choice.",MOTTE_BAILEY,reddit_cmv,annotated_batch_3_to_label.csv
m062,motte_bailey,t3_2e6v25,"Sarah Palin was a disastrous VP pick for McCain -- too inexperienced, and her selection undercut his ability to attack Obama's own inexperience.",Nobody changes their vote based on 'experience' arguments; using tropes about Alaska's influence and Wasilla's population size makes it seem unlikely you actually voted for McCain.,"You can find it unlikely, but I did vote for McCain and would again -- that doesn't stop me from seeing Palin's flaws. Everything else you said is true too. I'm not saying Palin was THE reason McCain lost, just that her selection didn't help.",MOTTE_BAILEY,reddit_cmv,annotated_batch_3_to_label.csv
m063,motte_bailey,t3_1y7dly,"Olympic equestrian isn't really about the athlete, it's about the horse and saddle -- same reason F1 shouldn't be an Olympic sport, since the best car wins.","Are you saying YOU could get in an F1 car or ride a horse like the pros do? I think not -- riders train their horses for countless hours, your assessment is laughable.","No, I'm not saying I could -- I'm saying any low-ranked F1 driver put in a top-tier car would become a championship contender, because at the elite level the equipment is what separates competitors, not individual skill.",NONE,reddit_cmv,annotated_batch_3_to_label.csv
m065,motte_bailey,t3_1vi0cy,"Animals can't follow societal/legal rules, and how a being is treated depends on whether it can follow such rules, not on intelligence -- this is why animals aren't treated as human equals.","Animals CAN be trained (e.g. dogs not biting), though complex rules like tax law would be effectively impossible to teach them -- which does come down to intelligence for more complex rules.","Training a dog not to bite doesn't contradict what I said -- the dog still lacks full rights (can't consent, live independently, vote). I'm not saying you get a free pass to mistreat animals, but I won't value their lives above human lives.",NONE,reddit_cmv,annotated_batch_3_to_label.csv
m069,motte_bailey,t3_3iqty5,[Content note: Iranian politics] Iran's president Rouhani is literally from the 'Moderation and Progress' party -- 'moderate' is in the name.,"He's only 'moderate' relative to hardline reactionaries, not by outside/western standards -- he was involved in a violent 1999 crackdown, has called for Israel's destruction, and has ties to a 1994 bombing.","Maybe my original point was misleading. What I meant was that Iranian voters elected THE moderate option available on their ballot, not that he's objectively moderate by any absolute standard.",MOTTE_BAILEY,reddit_cmv,annotated_batch_3_to_label.csv
m071,motte_bailey,t3_2cayvr,Art can be defined as 'any form of communication with at least one layer of abstraction' -- this is medium-agnostic and non-normative.,"Both 'communication' and 'abstraction' are so broad they fail to exclude anything -- all meaning is communication, and all communication is non-literal to some degree.","What I meant more specifically was communication BETWEEN HUMANS [narrower version of the definition]. [Continues engaging other points, ultimately awards a delta for the critique of the definition's wording.]",MOTTE_BAILEY,reddit_cmv,annotated_batch_3_to_label.csv
m072,motte_bailey,t3_208uz9,"Democracy isn't the best government in its ideal form, but is the best in its corrupted form (per Aristotle's framework), making it the best long-run choice since governments fluctuate between ideal and corrupt.",The US functions more like an oligarchy than a democracy -- e.g. corporations like Monsanto effectively buy laws that harm individual farmers.,"That's actually an example of government run by the many for the general good (most people benefit from affordable food/corporate profit). I'm not saying the Monsanto arrangement is society's best possible option, just that it's the least-bad option available -- that's the basis of the argument.",MOTTE_BAILEY,reddit_cmv,annotated_batch_3_to_label.csv
m073,motte_bailey,t3_36cadv,"[Content note: depictions of sexual violence in media] Showrunners are free to make creative choices and audiences are free to judge them by their own standards; I'm not even saying these particular rape scenes are unacceptable to me, just outlining the standard I use to judge them.","Your stated standard is so demanding/unrealistic that virtually no version of the scene could ever satisfy it, making the criticism unfalsifiable and not constructive.","[Cites specific well-regarded examples of rape scenes in other films as done 'well', argues about diminishing narrative impact from overuse] I'm not saying they should avoid using rape scenes at all because it might trigger some viewers -- I'm saying they should avoid OVERUSING it, because that makes the rest of the audience jaded.",NONE,reddit_cmv,annotated_batch_3_to_label.csv
m074,motte_bailey,t3_2awahc,"[Content note: reference to the Holocaust, a standard meta-ethics example] You have no more objective standing to call Hitler evil than he'd have calling you evil -- morality appears to be a non-empirical, human-created concept.","That's extreme, indefensible moral relativism -- I reject any moral framework that doesn't let me call Hitler evil.","It's not relativism, it's closer to moral existentialism -- there's no inherent morality, but we still need one to function, so we choose one. I'm not saying you CAN'T call Hitler evil, I'm just saying you can't PROVE it's objectively true.",NONE,reddit_cmv,annotated_batch_3_to_label.csv
s051,strawman,t3_3dfjej,"A purely socialist system requires everyone to accept equal outcomes regardless of effort and have no personal ambition -- any ambition lets someone easily seize control and turn it authoritarian, which is what has historically happened.",,"That's communism, not socialism -- socialism doesn't preclude unequal wages at all. That makes no sense: are you saying anyone with ambition can just snap their fingers and take over the country?",STRAWMAN,reddit_cmv,annotated_batch_3_to_label.csv
s054,strawman,t3_1s60vl,"The word 'love' has been broadened by language use, so saying you 'love' a family member takes on a different meaning than romantic love for a spouse.",,"So, on some level, you're saying that telling a friend 'I love you' means something different than telling your husband 'I love you'? That's possible, but you should make clear your argument depends on this particular construction of the word's meaning.",NONE,reddit_cmv,annotated_batch_3_to_label.csv
s055,strawman,t3_2lqcby,[Content note: catcalling/harassment] People who feel threatened by a stranger saying hello while catcalling are being irrational and suffer from mental illness -- how is that not absurd?,,"So, in an attempt to downplay catcalling's severity, you're saying people who feel threatened by it are insane? [Sarcastic dismissal, links to a page on logic.]",NONE,reddit_cmv,annotated_batch_3_to_label.csv
s059,strawman,t3_30rmk0,Society places too much value on sport -- seeking fun and its (monetary) value are different things; I enjoy sports personally but don't think they're 'worth' anything to society.,,"Worth-to-society and monetary value ARE different things. The only way to achieve what you're proposing is a totalitarian government that strictly controls 'fun' -- you say you're not calling for entertainment to be banned, but you basically are, since you're saying people shouldn't engage with it the way they currently do.",STRAWMAN,reddit_cmv,annotated_batch_3_to_label.csv
s060,strawman,t3_2n8psp,"I don't believe you can have a truly meaningful, exclusive intimate connection with someone if there's a chance their partner could be intimate with someone else too.",,"I believe what you're saying is OFTEN true, especially for younger people, but not ALWAYS true -- people aren't limited in how much intimacy they can share with multiple people.",NONE,reddit_cmv,annotated_batch_3_to_label.csv
s061,strawman,t3_367d1j,"[Content note: trans identity and mental health, evidence-heavy] Multiple studies show trans people's mental health dramatically improves after transition-related care; personally I am stable, happy, and productive -- in what sense am I mentally ill?",,"You're saying it's not a mental disorder because there are measurable brain differences -- doesn't that actually support it being a disorder? And you're saying 'look, I can function, so I'm not mentally ill' -- are you implying people with depression (like me) can't function normally?",STRAWMAN,reddit_cmv,annotated_batch_3_to_label.csv
s062,strawman,t3_2pw9tv,"[Content note: real-world political conflict, The Interview/Sony hacking incident] North Korea wouldn't have attacked Sony if Sony hadn't made the movie -- North Korea was retaliating, and Sony bears more responsibility since their movie knowingly targeted Kim Jong Un psychologically.",,"This movie only got made because North Korea is well known for brutal, evil actions (child prison camps, nuclear threats). So you're saying Sony is in the wrong for responding to this brutality by making a movie? Are you saying we should be careful of Kim Jong Un's FEELINGS despite all this?",STRAWMAN,reddit_cmv,annotated_batch_3_to_label.csv
s064,strawman,t3_21id1m,"I won't read anything from an MRM-associated website, the same way I wouldn't read anything from Stormfront, the KKK, or the Westboro Baptist Church.",,"That's ridiculous -- are you saying only feminist sources are acceptable? All the information on that page is sourced, mostly from feminist websites, just collated in one place.",NONE,reddit_cmv,annotated_batch_3_to_label.csv
s065,strawman,t3_26gh41,"Guns aren't going away -- the government doesn't know how many exist and there's no politically feasible way to collect them, at least for the next couple decades.",,"Um, Australia did it. Are you saying the US can't do what Australia already successfully did?",NONE,reddit_cmv,annotated_batch_3_to_label.csv
s066,strawman,t3_1y6r6n,"If you believe in God as Creator, you must give his role full functional weight, including in scientific experiments -- science's insistence on controlled, repeatable results conflicts with the possibility of divine intervention.",,I'm not sure I understand your second paragraph -- are you saying that an experiment consistently yielding the same result is PROOF that no god intervened to change the outcome?,NONE,reddit_cmv,annotated_batch_3_to_label.csv
s067,strawman,t3_2s311o,"Public education was created because wealthy elites needed a literate workforce, and still do -- 'ignorance is bliss' for those who'd prefer otherwise.",,History proves otherwise. Are you saying education isn't important?,STRAWMAN,reddit_cmv,annotated_batch_3_to_label.csv
s069,strawman,t3_21pkk6,"[Content note: disability, autism, eugenics-adjacent] I'm angry at people who support charities aiming to prevent autistic children from being born via prenatal screening/abortion -- I'd end friendships over this view.",,"If you think autistic fetuses shouldn't be aborted, are you saying their lives are MORE valuable than a 'normal' infant's? Parents could abort and have a non-autistic child instead.",STRAWMAN,reddit_cmv,annotated_batch_3_to_label.csv
s071,strawman,t3_1ty0ux,"Obesity isn't simply 'energy in, energy out' -- metabolism, gut bacteria, and biological efficiency vary hugely between individuals (e.g. a friend who can't gain weight no matter how much he eats).",,"So, all in all, you're saying that these people are eating improperly.",STRAWMAN,reddit_cmv,annotated_batch_3_to_label.csv
s072,strawman,t3_2jd1e2,"Some sites embed ads inline (hard to block on mobile) or detect and block ad-block users outright, and more sites may adopt this as ad-blocking spreads.",,"I thought ad-block still blocked those... most social media sites sell targeting data with ads, so this could become moot. Basically, are you saying I should get in [presumably: stop using an ad blocker] before it's too late?",NONE,reddit_cmv,annotated_batch_3_to_label.csv
syn001,motte_bailey,synthetic,"I don't want to study anything right now because I'm pretty sure AI is going to take all the jobs, and I'll be jobless anyway, no matter what I do.","That's such a stupid argument. AI might take some jobs, but it's not going to take all of them. It's also creating new jobs. I think you're just looking for an excuse not to study.","I have no problem studying, but I think it's going to be more difficult than before to get a job because of AI.",MOTTE_BAILEY,synthetic_handwritten,synthetic_batch_1
syn002,motte_bailey,synthetic,People act as if body type doesn't matter. I think everyone prefers a fit and lean body over an unfit one; people are just too afraid to say out loud that nobody prefers a fat body.,"A fit body is definitely a good thing, but I personally don't care that much about body type. Maybe you're at an age where you think like that, but personality matters a lot to many people regardless of body type.",Personality matters for sure. I'm just saying that a person whose personality matches your type will probably be more appealing if they're fit rather than unfit or overweight.,NONE,synthetic_handwritten,synthetic_batch_1
syn003,motte_bailey,synthetic,"Smoking is a bad habit, and it shows weakness. People who smoke are dependent on it and can't handle things on their own; they're mentally weaker than people who don't smoke.","Saying that smokers are mentally weaker than non-smokers is absurd. Someone can start smoking for a lot of different reasons, and nicotine addiction is biological.","They're weaker in terms of discipline than non-smokers, for sure.",MOTTE_BAILEY,synthetic_handwritten,synthetic_batch_1
syn004,motte_bailey,synthetic,"A lot of people judge cheating, but I don't think they should comment on it. Most of them never actually got the chance to cheat or found someone better or more appealing.","It depends on what kind of relationship you're in. If you're in an exclusive and monogamous relationship, then cheating on your partner is obviously wrong, with no excuses.","It's not a good thing, but sometimes, because of the situation you're in, it's really hard to think straight, and mistakes happen.",MOTTE_BAILEY,synthetic_handwritten,synthetic_batch_1
syn005,motte_bailey,synthetic,"Everyone wants nature to be clean and healthy, but no one is doing anything about it.",There are a lot of NGOs and people working toward this. What the hell are you talking about?,"Yeah, even I don't throw waste around, and some groups are definitely working toward it, but it's not enough, and the majority of people don't care.",MOTTE_BAILEY,synthetic_handwritten,synthetic_batch_1
syn006,motte_bailey,synthetic,"Remote work is good, but the amount of work you get done when you go to the office is usually much greater and more efficient.","My whole company is remote, and we're doing fine.","You can definitely get work done remotely, and some employees are disciplined enough to stay productive anyway. But going to the office, discussing things in person, and interacting with the team can be great for motivation and can push employees to do more.",NONE,synthetic_handwritten,synthetic_batch_1
syn007,motte_bailey,synthetic,"I earn a lot and I spend a lot. I don't like people telling me to donate or be philanthropic. It's my money, my choice.","If you're earning a lot, you don't have to donate a crazy amount. If you actually make that much money, giving a good tip or helping someone out when they ask isn't a big deal because that amount of money means very little to you.","Oh yeah, I always tip well. I just don't make big donations.",NONE,synthetic_handwritten,synthetic_batch_1
syn008,strawman,synthetic,"No matter what type of protest it is, the authorities are always going to find it troubling and try to suppress it. The scale of a protest and the issue it concerns will obviously vary, and the people affected by it will join accordingly.",,"Protests aren't useless. When something is obviously wrong, people need to raise their voices. I always support peaceful protests, and even if an issue doesn't concern me directly, I'll try to join if it's for a cause I support.",STRAWMAN,synthetic_handwritten,synthetic_batch_1
syn009,motte_bailey,synthetic,"Gaming is something that's often looked down upon, even though pro players and streamers are doing really well. If you're good at it, it's much better than a conventional, stable job where you'll stay stuck in a loop with almost no progress.","If you're exceptionally good, then trying to become a pro gamer isn't a bad idea. Even if you're only decent, there's no harm in trying, but if you're not from a very wealthy family, you should always have a backup plan. Conventional jobs aren't that bad, and many people are doing pretty well in them. The chances of succeeding in a gaming career are still very low.","Yeah, conventional jobs aren't all bad, but if you really enjoy gaming, giving it a proper chance isn't a bad idea. It's a high-risk, high-reward thing, but at least you'll have fun along the way.",MOTTE_BAILEY,synthetic_handwritten,synthetic_batch_1
syn010,motte_bailey,synthetic,"Some people are exceptionally good at certain things, and you have to understand that no amount of hard work and discipline is going to completely close that gap.","True, but if you're really interested and dedicated, trust me, working toward it is going to pay off someday.","I mean, yeah, hard work is going to help you become really good at it, but the gap will still be there.",NONE,synthetic_handwritten,synthetic_batch_1
syn011,strawman,synthetic,"Fashion and personal style are different for everyone. If you think you look good and you're able to pull off your outfit well, then go for it.",,"If you're going to wear a vest to a wedding, you're going to look like a fool.",STRAWMAN,synthetic_handwritten,synthetic_batch_1
syn012,strawman,synthetic,"I want to learn backflips because I think they look pretty cool and can instantly catch people's attention, and maybe they're also good for flexibility. Running is a habit that's good for your health in the long run, and stretching before it helps with flexibility.",,"I go to the gym regularly, and instead of properly stretching, I'm not going to learn backflips. Stretching and backflips aren't interchangeable at all.",STRAWMAN,synthetic_handwritten,synthetic_batch_1
syn013,motte_bailey,synthetic,"Finding a good neighbour is more difficult than finding a good partner. My neighbours are so annoying, and I just can't tolerate them. Somehow, they think we're on very good terms, but most of the time I'm just ignoring them, and I literally run back inside whenever I see them.",What do you mean finding a good partner is crazy difficult? You're supposed to spend a lot of your time and the rest of your life with your partner. Who cares if your neighbours aren't that good?,"That was obviously sarcastic. I just hate my neighbours, so I was ranting.",NONE,synthetic_handwritten,synthetic_batch_1
syn014,strawman,synthetic,"There should be a proper balance between chilling and working hard. Life isn't fun if you do only one thing, and there's no fun in constantly chilling without also having days when you're working hard toward something.",,"Working hard can mean anything, not just corporate work. If someone is a painter, then painting is work for them, not fun.",STRAWMAN,synthetic_handwritten,synthetic_batch_1
syn015,motte_bailey,synthetic,Why do people always blame others for their own faults? You should learn how to take accountability for your actions and try to work on yourself instead of being a crybaby.,What do you mean? Sometimes we get into trouble because of someone else's actions. How is working on ourselves going to fix that? Blaming yourself for everything is something that should be avoided.,"Yeah, if it's not your fault, then it's fine. But if others genuinely had no role in what happened, then you shouldn't complain about it.",MOTTE_BAILEY,synthetic_handwritten,synthetic_batch_1
syn016,motte_bailey,synthetic,"In this new generation, marriages aren't going to last long because everyone is independent now, and as soon as there's a major fight, people won't think twice before ending things.","That's not how things work. Marriage is still a big deal, and there have always been marriages where both partners were financially independent, yet the majority still worked out. Fights are common, and people are mature enough not to end a marriage after just one argument.","If the marriage is genuinely troublesome and the woman is literally suffering and not enjoying her life, then if she's financially independent, she'll end things.",MOTTE_BAILEY,synthetic_handwritten,synthetic_batch_1
syn017,strawman,synthetic,"Typing speed has nothing to do with how good of a coder you are. I saw people comparing two coders based solely on how fast they could type, and to be clear, they were just typing English paragraphs. That's really stupid.",,Good coders can type really fast too. All my friends who are good coders have pretty decent typing speeds.,STRAWMAN,synthetic_handwritten,synthetic_batch_1
syn018,motte_bailey,synthetic,"Typing speed has nothing to do with how good of a coder you are. I saw people comparing two coders based solely on how fast they could type, and to be clear, they were just typing English paragraphs. That's really stupid.","Usually, people who have spent a lot of time coding have high typing speeds, so comparing them that way isn't completely unreasonable.","What I mean is that anyone can develop a good typing speed. Using it as a metric to determine who is the better coder is wrong. Good coders usually have decent typing speeds, but comparing two people based on that alone is ridiculous.",NONE,synthetic_handwritten,synthetic_batch_1
syn019,motte_bailey,synthetic,"If a girl wants to date, it's much easier for her compared to a guy. For guys, dating sucks; it's no fun at all and feels like hard work.","For sure, a guy usually has to put in more effort, but if you're pursuing someone you're genuinely interested in, it doesn't feel like that much effort, and it can actually be fun. Obviously, if the other person isn't interested and you're still chasing them, then you're doing dating wrong.","Yeah, if there's a connection, chasing someone and putting in that effort can be fun. It mostly sucks for guys who don't know someone personally and are completely dependent on online dating.",MOTTE_BAILEY,synthetic_handwritten,synthetic_batch_1
syn020,strawman,synthetic,"Karma is real. The only reason I think twice before doing something bad or mean to someone is because I know it's going to come back around. I'm not a very nice guy, but I have to act like one.",,"If karma is real, then magic, God, fairyland, and anything else could be real too. But I guess it's a good thing that you believe in it, because at least it makes you try to be a good person, even though scientifically, there's no such thing as karma.",STRAWMAN,synthetic_handwritten,synthetic_batch_1
