pair_id,entail_AB,neutral_AB,contra_AB,entail_BA,neutral_BA,contra_BA
m002,0.0085,0.9429,0.0484,0.0008,0.9961,0.0033
m003,0.0017,0.998,0.0003,0.0003,0.999,0.0006
m005,0.0031,0.9727,0.0244,0.0026,0.9956,0.0017
m006,0.0027,0.9971,0.0002,0.0025,0.9951,0.0022
m007,0.0079,0.9917,0.0003,0.0005,0.999,0.0006
m008,0.0562,0.9429,0.0006,0.0168,0.3369,0.646
m013,0.0012,0.0975,0.9014,0.0255,0.9722,0.0025
m015,0.001,0.9985,0.0002,0.051,0.9482,0.0008
m017,0.0003,0.9985,0.0013,0.0029,0.9966,0.0004
m020,0.0033,0.9927,0.0039,0.0007,0.999,0.0005
m021,0.2957,0.7036,0.0005,0.0064,0.9937,0.0002
m022,0.0017,0.998,0.0001,0.0056,0.9941,0.0003
m023,0.0082,0.9907,0.0009,0.0132,0.9863,0.0007
m024,0.0786,0.4163,0.5054,0.0003,0.9995,0.0003
s001,0.0001,0.0006,0.999,0.0001,0.0004,0.9995
s002,0.0018,0.9971,0.0013,0.0008,0.9966,0.0026
s004,0.0003,0.0044,0.9951,0.0037,0.9956,0.0008
s005,0.0052,0.9858,0.0088,0.0016,0.9883,0.01
s009,0.0294,0.5679,0.4028,0.0012,0.9932,0.0054
s010,0.0024,0.9966,0.001,0.0243,0.9727,0.0031
s011,0.0113,0.6675,0.3213,0.3105,0.6699,0.0196
s013,0.0015,0.9976,0.0007,0.0163,0.9727,0.0111
s016,0.8613,0.1377,0.0008,0.0497,0.9429,0.0075
s017,0.1855,0.8115,0.0028,0.0167,0.9824,0.0009
s018,0.0865,0.5864,0.3269,0.0051,0.9902,0.0045
s019,0.014,0.8755,0.1105,0.024,0.7314,0.2444
s020,0.9561,0.0435,0.0007,0.0047,0.9819,0.0134
s022,0.0322,0.4172,0.5503,0.0079,0.0865,0.9058
s023,0.0019,0.9844,0.0135,0.001,0.9976,0.0012
s024,0.0072,0.9907,0.0021,0.0023,0.9966,0.0011
s025,0.0463,0.9517,0.0021,0.0013,0.9238,0.075
m026,0.0028,0.9946,0.0026,0.0232,0.9707,0.0059
m028,0.0006,0.999,0.0004,0.0016,0.9971,0.0015
m029,0.005,0.9946,0.0002,0.0009,0.998,0.0009
m031,0.0246,0.9673,0.0081,0.0101,0.9888,0.0011
m032,0.0019,0.9971,0.0011,0.0048,0.9941,0.001
m033,0.0093,0.9897,0.0012,0.9819,0.0178,0.0005
m034,0.0003,0.9995,0.0001,0.002,0.9976,0.0003
m037,0.4417,0.4663,0.092,0.9238,0.0475,0.0289
m038,0.0039,0.9956,0.0005,0.0011,0.98,0.0191
m041,0.002,0.9966,0.0015,0.0007,0.999,0.0003
m044,0.0593,0.6045,0.3362,0.0022,0.0035,0.9941
m046,0.0021,0.9971,0.0008,0.001,0.999,0.0002
m048,0.0014,0.036,0.9624,0.0045,0.0183,0.9771
m049,0.0005,0.9995,0.0002,0.0018,0.998,0.0002
s026,0.016,0.0255,0.9585,0.0011,0.998,0.0009
s030,0.0261,0.9512,0.0227,0.0109,0.9512,0.0381
s034,0.0012,0.0123,0.9863,0.0223,0.9492,0.0285
s035,0.0023,0.9941,0.0035,0.8389,0.0731,0.0879
s037,0.4497,0.5342,0.0161,0.007,0.979,0.0137
s038,0.0067,0.2366,0.7568,0.0014,0.0016,0.9971
s039,0.5103,0.4844,0.0054,0.3298,0.5854,0.085
s041,0.0203,0.9722,0.0073,0.7466,0.2384,0.0148
s042,0.0155,0.0148,0.9697,0.4453,0.0242,0.5303
s043,0.0279,0.9263,0.0456,0.0241,0.7314,0.2445
s044,0.667,0.3311,0.0018,0.0222,0.9722,0.0057
s045,0.0023,0.9971,0.0005,0.0002,0.999,0.0005
s046,0.0043,0.8223,0.1733,0.0015,0.0052,0.9932
s047,0.3696,0.5493,0.0811,0.0362,0.9629,0.0011
s048,0.0036,0.0067,0.9897,0.9878,0.0026,0.0097
s049,0.9922,0.0069,0.0008,0.0051,0.9946,0.0005
m051,0.6431,0.3555,0.0013,0.0017,0.998,0.0004
m052,0.0008,0.999,0.0003,0.0005,0.9995,0.0002
m053,0.9897,0.0062,0.004,0.7783,0.2159,0.0059
m054,0.047,0.145,0.8081,0.9512,0.0481,0.0008
m055,0.0112,0.9888,0.0003,0.0047,0.9941,0.001
m056,0.0017,0.9932,0.0051,0.0006,0.0017,0.9976
m060,0.0029,0.9937,0.0036,0.8447,0.1532,0.002
m061,0.0189,0.9795,0.0015,0.0847,0.9023,0.0129
m062,0.0005,0.9995,0.0002,0.0004,0.9985,0.0009
m063,0.0239,0.9756,0.0007,0.0028,0.9966,0.0008
m065,0.0041,0.9956,0.0004,0.0162,0.9829,0.0008
m069,0.0012,0.9985,0.0001,0.0432,0.9482,0.0086
m071,0.0005,0.9971,0.0024,0.0024,0.8335,0.1641
m072,0.047,0.938,0.0149,0.0005,0.9985,0.0009
m073,0.0773,0.918,0.0049,0.9932,0.0058,0.0008
m074,0.0084,0.9912,0.0005,0.5596,0.4387,0.0017
s051,0.0034,0.9092,0.0872,0.0015,0.9976,0.0011
s054,0.0013,0.9985,0.0002,0.0238,0.9756,0.0006
s055,0.0066,0.9927,0.0006,0.0398,0.9492,0.0109
s059,0.0118,0.9849,0.0032,0.0002,0.9995,0.0003
s060,0.0004,0.9932,0.0063,0.0121,0.9521,0.0356
s061,0.0034,0.4021,0.5942,0.0202,0.8003,0.1796
s062,0.688,0.303,0.0091,0.0279,0.9692,0.0027
s064,0.0012,0.9556,0.0434,0.0051,0.9932,0.0017
s065,0.0044,0.9609,0.0347,0.0008,0.9961,0.0033
s066,0.0166,0.9619,0.0213,0.0108,0.3857,0.6035
s067,0.0087,0.981,0.0103,0.0032,0.9692,0.0278
s069,0.0637,0.9351,0.0012,0.0015,0.9966,0.0018
s071,0.0004,0.9971,0.0027,0.0033,0.9912,0.0057
s072,0.0006,0.999,0.0005,0.0005,0.9995,0.0001
syn001,0.003,0.0087,0.9883,0.0001,0.0005,0.9995
syn002,0.0106,0.9893,0.0003,0.0006,0.999,0.0003
syn003,0.0126,0.9873,0.0001,0.0076,0.9922,0.0002
syn004,0.001,0.9985,0.0004,0.0008,0.999,0.0004
syn005,0.0007,0.9985,0.0008,0.0029,0.5508,0.446
syn006,0.0066,0.9932,0.0001,0.001,0.9985,0.0003
syn007,0.0002,0.9995,0.0002,0.0003,0.9995,0.0002
syn008,0.002,0.9976,0.0006,0.0002,0.9995,0.0001
syn009,0.0044,0.9956,0.0002,0.0002,0.999,0.0007
syn010,0.01,0.9897,0.0004,0.2412,0.7583,0.0003
syn011,0.0011,0.9946,0.0043,0.0052,0.9585,0.0365
syn012,0.0002,0.001,0.999,0.0006,0.9961,0.0033
syn013,0.0055,0.9941,0.0003,0.0004,0.999,0.0006
syn014,0.0016,0.9971,0.0012,0.0029,0.9966,0.0006
syn015,0.0062,0.9888,0.0049,0.0008,0.9976,0.0018
syn016,0.003,0.9966,0.0004,0.0003,0.9985,0.0014
syn017,0.0008,0.9985,0.0008,0.0008,0.127,0.8721
syn018,0.0166,0.9834,0.0001,0.0007,0.999,0.0002
syn019,0.0002,0.9995,0.0002,0.0145,0.4175,0.5679
syn020,0.0018,0.9971,0.0013,0.0017,0.6182,0.3801
