pair_id,true_y,pred_y,shape,positive_label
m007,1,1,motte_bailey,MOTTE_BAILEY
m008,0,1,motte_bailey,MOTTE_BAILEY
m013,0,1,motte_bailey,MOTTE_BAILEY
m038,1,1,motte_bailey,MOTTE_BAILEY
m041,0,0,motte_bailey,MOTTE_BAILEY
m044,0,0,motte_bailey,MOTTE_BAILEY
m051,1,1,motte_bailey,MOTTE_BAILEY
m052,1,0,motte_bailey,MOTTE_BAILEY
m054,0,0,motte_bailey,MOTTE_BAILEY
m055,0,1,motte_bailey,MOTTE_BAILEY
m056,1,1,motte_bailey,MOTTE_BAILEY
m069,1,1,motte_bailey,MOTTE_BAILEY
m002,1,1,motte_bailey,MOTTE_BAILEY
m005,1,0,motte_bailey,MOTTE_BAILEY
m023,0,0,motte_bailey,MOTTE_BAILEY
m028,1,1,motte_bailey,MOTTE_BAILEY
m032,0,0,motte_bailey,MOTTE_BAILEY
m048,0,0,motte_bailey,MOTTE_BAILEY
m053,0,0,motte_bailey,MOTTE_BAILEY
syn005,1,0,motte_bailey,MOTTE_BAILEY
syn006,0,0,motte_bailey,MOTTE_BAILEY
syn009,1,1,motte_bailey,MOTTE_BAILEY
syn013,0,1,motte_bailey,MOTTE_BAILEY
syn019,1,0,motte_bailey,MOTTE_BAILEY
m015,1,1,motte_bailey,MOTTE_BAILEY
m020,1,1,motte_bailey,MOTTE_BAILEY
m021,0,0,motte_bailey,MOTTE_BAILEY
m031,1,0,motte_bailey,MOTTE_BAILEY
m033,1,0,motte_bailey,MOTTE_BAILEY
m034,0,1,motte_bailey,MOTTE_BAILEY
m049,0,1,motte_bailey,MOTTE_BAILEY
m061,1,0,motte_bailey,MOTTE_BAILEY
m074,0,0,motte_bailey,MOTTE_BAILEY
syn002,0,1,motte_bailey,MOTTE_BAILEY
syn007,0,1,motte_bailey,MOTTE_BAILEY
syn015,1,0,motte_bailey,MOTTE_BAILEY
m006,1,1,motte_bailey,MOTTE_BAILEY
m017,0,1,motte_bailey,MOTTE_BAILEY
m022,0,0,motte_bailey,MOTTE_BAILEY
m024,1,0,motte_bailey,MOTTE_BAILEY
m037,0,0,motte_bailey,MOTTE_BAILEY
m060,0,1,motte_bailey,MOTTE_BAILEY
m065,0,0,motte_bailey,MOTTE_BAILEY
m073,0,1,motte_bailey,MOTTE_BAILEY
syn001,1,1,motte_bailey,MOTTE_BAILEY
syn004,1,1,motte_bailey,MOTTE_BAILEY
syn016,1,1,motte_bailey,MOTTE_BAILEY
m003,1,1,motte_bailey,MOTTE_BAILEY
m026,0,1,motte_bailey,MOTTE_BAILEY
m029,0,1,motte_bailey,MOTTE_BAILEY
m046,0,1,motte_bailey,MOTTE_BAILEY
m062,1,1,motte_bailey,MOTTE_BAILEY
m063,0,1,motte_bailey,MOTTE_BAILEY
m071,1,1,motte_bailey,MOTTE_BAILEY
m072,1,1,motte_bailey,MOTTE_BAILEY
syn003,1,0,motte_bailey,MOTTE_BAILEY
syn010,0,0,motte_bailey,MOTTE_BAILEY
syn018,0,0,motte_bailey,MOTTE_BAILEY
s009,0,1,strawman,STRAWMAN
s017,1,1,strawman,STRAWMAN
s023,0,1,strawman,STRAWMAN
s024,1,1,strawman,STRAWMAN
s026,1,1,strawman,STRAWMAN
s030,1,1,strawman,STRAWMAN
s039,0,0,strawman,STRAWMAN
s045,0,1,strawman,STRAWMAN
s046,0,0,strawman,STRAWMAN
s047,1,1,strawman,STRAWMAN
s051,1,0,strawman,STRAWMAN
s001,0,0,strawman,STRAWMAN
s005,1,0,strawman,STRAWMAN
s010,1,0,strawman,STRAWMAN
s020,0,0,strawman,STRAWMAN
s035,1,0,strawman,STRAWMAN
s038,0,0,strawman,STRAWMAN
s043,1,1,strawman,STRAWMAN
s060,0,1,strawman,STRAWMAN
s071,1,1,strawman,STRAWMAN
s072,0,0,strawman,STRAWMAN
syn020,1,0,strawman,STRAWMAN
s011,1,1,strawman,STRAWMAN
s018,0,1,strawman,STRAWMAN
s019,1,1,strawman,STRAWMAN
s022,0,0,strawman,STRAWMAN
s034,1,1,strawman,STRAWMAN
s041,0,0,strawman,STRAWMAN
s064,0,1,strawman,STRAWMAN
s065,0,1,strawman,STRAWMAN
s067,1,1,strawman,STRAWMAN
s069,1,1,strawman,STRAWMAN
syn008,1,0,strawman,STRAWMAN
s002,0,0,strawman,STRAWMAN
s004,1,1,strawman,STRAWMAN
s013,1,1,strawman,STRAWMAN
s016,0,1,strawman,STRAWMAN
s042,0,0,strawman,STRAWMAN
s049,0,1,strawman,STRAWMAN
s061,1,0,strawman,STRAWMAN
s062,1,0,strawman,STRAWMAN
s066,0,1,strawman,STRAWMAN
syn014,1,1,strawman,STRAWMAN
s025,0,0,strawman,STRAWMAN
s037,1,0,strawman,STRAWMAN
s044,1,1,strawman,STRAWMAN
s048,0,0,strawman,STRAWMAN
s054,0,1,strawman,STRAWMAN
s055,0,1,strawman,STRAWMAN
s059,1,0,strawman,STRAWMAN
syn011,1,1,strawman,STRAWMAN
syn012,1,0,strawman,STRAWMAN
syn017,1,0,strawman,STRAWMAN
