pair_id,type_candidate,predicted_label,true_label
m002,motte_bailey,MOTTE_BAILEY,MOTTE_BAILEY
m003,motte_bailey,MOTTE_BAILEY,MOTTE_BAILEY
m005,motte_bailey,NONE,MOTTE_BAILEY
m006,motte_bailey,MOTTE_BAILEY,MOTTE_BAILEY
m007,motte_bailey,MOTTE_BAILEY,MOTTE_BAILEY
m008,motte_bailey,NONE,NONE
m013,motte_bailey,NONE,NONE
m015,motte_bailey,MOTTE_BAILEY,MOTTE_BAILEY
m017,motte_bailey,NONE,NONE
m020,motte_bailey,NONE,MOTTE_BAILEY
m021,motte_bailey,NONE,NONE
m022,motte_bailey,NONE,NONE
m023,motte_bailey,NONE,NONE
m024,motte_bailey,MOTTE_BAILEY,MOTTE_BAILEY
s001,strawman,STRAWMAN,NONE
s002,strawman,NONE,NONE
s004,strawman,STRAWMAN,STRAWMAN
s005,strawman,STRAWMAN,STRAWMAN
s009,strawman,NONE,NONE
s010,strawman,STRAWMAN,STRAWMAN
s011,strawman,STRAWMAN,STRAWMAN
s013,strawman,NONE,STRAWMAN
s016,strawman,NONE,NONE
s017,strawman,NONE,STRAWMAN
s018,strawman,NONE,NONE
s019,strawman,NONE,STRAWMAN
s020,strawman,NONE,NONE
s022,strawman,NONE,NONE
s023,strawman,NONE,NONE
s024,strawman,STRAWMAN,STRAWMAN
s025,strawman,NONE,NONE
m026,motte_bailey,MOTTE_BAILEY,NONE
m028,motte_bailey,MOTTE_BAILEY,MOTTE_BAILEY
m029,motte_bailey,MOTTE_BAILEY,NONE
m031,motte_bailey,MOTTE_BAILEY,MOTTE_BAILEY
m032,motte_bailey,NONE,NONE
m033,motte_bailey,MOTTE_BAILEY,MOTTE_BAILEY
m034,motte_bailey,NONE,NONE
m037,motte_bailey,NONE,NONE
m038,motte_bailey,MOTTE_BAILEY,MOTTE_BAILEY
m041,motte_bailey,NONE,NONE
m044,motte_bailey,NONE,NONE
m046,motte_bailey,NONE,NONE
m048,motte_bailey,MOTTE_BAILEY,NONE
m049,motte_bailey,NONE,NONE
s026,strawman,STRAWMAN,STRAWMAN
s030,strawman,STRAWMAN,STRAWMAN
s034,strawman,STRAWMAN,STRAWMAN
s035,strawman,STRAWMAN,STRAWMAN
s037,strawman,STRAWMAN,STRAWMAN
s038,strawman,NONE,NONE
s039,strawman,NONE,NONE
s041,strawman,STRAWMAN,NONE
s042,strawman,NONE,NONE
s043,strawman,STRAWMAN,STRAWMAN
s044,strawman,STRAWMAN,STRAWMAN
s045,strawman,NONE,NONE
s046,strawman,NONE,NONE
s047,strawman,STRAWMAN,STRAWMAN
s048,strawman,NONE,NONE
s049,strawman,STRAWMAN,NONE
m051,motte_bailey,NONE,MOTTE_BAILEY
m052,motte_bailey,NONE,MOTTE_BAILEY
m053,motte_bailey,NONE,NONE
m054,motte_bailey,NONE,NONE
m055,motte_bailey,NONE,NONE
m056,motte_bailey,NONE,MOTTE_BAILEY
m060,motte_bailey,NONE,NONE
m061,motte_bailey,MOTTE_BAILEY,MOTTE_BAILEY
m062,motte_bailey,MOTTE_BAILEY,MOTTE_BAILEY
m063,motte_bailey,NONE,NONE
m065,motte_bailey,NONE,NONE
m069,motte_bailey,MOTTE_BAILEY,MOTTE_BAILEY
m071,motte_bailey,MOTTE_BAILEY,MOTTE_BAILEY
m072,motte_bailey,MOTTE_BAILEY,MOTTE_BAILEY
m073,motte_bailey,MOTTE_BAILEY,NONE
m074,motte_bailey,MOTTE_BAILEY,NONE
s051,strawman,NONE,STRAWMAN
s054,strawman,NONE,NONE
s055,strawman,NONE,NONE
s059,strawman,STRAWMAN,STRAWMAN
s060,strawman,NONE,NONE
s061,strawman,NONE,STRAWMAN
s062,strawman,STRAWMAN,STRAWMAN
s064,strawman,STRAWMAN,NONE
s065,strawman,NONE,NONE
s066,strawman,NONE,NONE
s067,strawman,STRAWMAN,STRAWMAN
s069,strawman,STRAWMAN,STRAWMAN
s071,strawman,STRAWMAN,STRAWMAN
s072,strawman,NONE,NONE
